text,user_location,tweet_date,time,city
gwnte serio nao vei nao meu deus gente serio,"BrasÃ­lia, Brasil",2021-04-01,04:15:57,BrasÃ­lia
"OÂ pres doÂ PaquistÃ£oÂ testou positivo paraÂ COVID-19Â em 29 de marÃ§o, 14 dias apÃ³s receber sua primeira injeÃ§Ã£o com uma vacina chinesa;Â em 20 de marÃ§o, o primeiro-ministro paquistanÃªs testou positivo para COVID-19, 2 dias depois de receber sua inoculaÃ§Ã£o","EspÃ­rito Santo, Brasil",2021-04-01,04:15:15,EspÃ­rito Santo
"Descanse em paz JoÃ£o Acaiabe ğŸ’” A Covid-19 levou mais um, dessa vez foi nosso eterno Tio BarnabÃ© do SÃ­tio do Pica Pau Amarelo e Tio Chico de Chiquititas. Que tristeza eu tÃ´ sentindo ğŸ˜­ğŸ˜­","Almenara, Brasil",2021-04-01,04:15:23,Almenara
"â€œ...As vacinas protegem razoavelmente bem contra formas graves e mortes. Logo, as pessoas podem se infectar e ficarem assintomÃ¡ticas e/ou levemente doentes, transmitindo o novo #coronavirus"", explica Ã© uma vergonha p/ o Brasil!","SÃ£o Paulo, Brasil",2021-04-01,04:08:33,SÃ£o Paulo
#BolsonaroGenocida atÃ© qdo #STF JustiÃ§a,"SÃ£o Paulo, Brasil",2021-04-01,04:05:43,SÃ£o Paulo
#parabÃ©ns presidente Bolsonaro #Brasil Ã© a JUSTIÃ‡A #ImpeachmentBolsonaroUrgente,"SÃ£o Paulo, Brasil",2021-04-01,04:09:07,SÃ£o Paulo
Aaaa eu to chorando ğŸ˜­ eu nÃ£o acredito nisso,"BrasÃ­lia, Brasil",2021-04-01,04:14:46,BrasÃ­lia
"Agora Ã© oficial. VocÃª pode - e deve - filmar os agentes de saÃºde aplicando a vacina contra a Covid19. O PL jÃ¡ foi aprovado no Senado e agora tramita na CÃ¢mara. Ele prevÃª, tambÃ©m, penas para quem furar a fila da vacina.","Belo Horizonte, Brasil",2021-04-01,04:04:17,Belo Horizonte
"A vacina de Oxford contra a COVID-19 tem eficÃ¡cia de 79% para prevenir casos sintomÃ¡ticos da doenÃ§a e nÃ£o aumenta o risco de coÃ¡gulos sanguÃ­neos, anunciou a empresa farmacÃªutica Astrazeneca, apÃ³s testes de fase 3 nos EUA, Chile e Peru. #coronavirus #covid19 #pandemia #vacina","Rio de Janeiro, Brasil",2021-04-01,04:14:07,Rio de Janeiro
"a nÃ£o, eu vou chorar.","Porto Alegre, Brasil",2021-04-01,04:15:37,Porto Alegre
O Chico que fez Chiquititas com ela faleceu por complicaÃ§Ãµes da covid-19,"Contagem, Brasil",2021-04-01,04:06:05,Contagem
O Chico que fez Chiquititas com ela faleceu por complicaÃ§Ãµes da covid-19,"Contagem, Brasil",2021-04-01,04:06:14,Contagem
eu nÃ£o tÃ´ acreditando sÃ©rio ğŸ˜­ğŸ˜­,"SÃ£o Paulo, Brasil",2021-04-01,04:09:30,SÃ£o Paulo
eu nn tÃ´ acreditando,"Salvador, Brasil",2021-04-01,04:07:53,Salvador
"HÃ¡ um desarranjo global na cadeia de produÃ§Ã£o mundial, e o Brasil quer ser o diferentÃ£o... #Covid #covid19 #coronavirus","SÃ£o Paulo, Brasil",2021-04-01,04:14:21,SÃ£o Paulo
"Ã‰ hipÃ³crita, que chama ... nÃ©.","Rio de Janeiro, Brasil",2021-04-01,04:05:13,Rio de Janeiro
"Ditadores e seus vassalos governdores e prefeitos ,atÃ© que todos comecem a rebeliÃ£o contra a ditadura do ""em nome da ciÃªncia""...","SÃ£o Paulo, Brasil",2021-04-01,04:14:06,SÃ£o Paulo
"Se todo mÃ©dico soubesse exercer a profissÃ£o com responsabilidade respeitando os princÃ­pios da bioÃ©tica, nÃ£o precisaria de CFM. Se existe um Ã³rgÃ£o regularor, Ã© pq nem todo profissional tem responsabilidade. CFM Ã© uma piada sem graÃ§a. Respeita autonomia de mÃ©dico, mas nÃ£o a vida","Toledo, Brasil",2021-04-01,04:11:01,Toledo
"Tive a infelicidade de assistir o programa ""fala que eu te escuto"". Divulgando informaÃ§Ãµes fakes de que hÃ¡ Ã³bitos que nÃ£o sÃ£o covid-19 e os mÃ©dico colocam DO com o propÃ³sito do municÃ­pio receber 19 mil reais. Ainda colocam umas antas para falar.","SÃ£o Paulo, Brasil",2021-04-01,04:13:43,SÃ£o Paulo
"- rebate a idÃ©ia d d q furando a fila da vacinaÃ§Ã£o os empresÃ¡rios poderÃ£o manter â€œseu negÃ³cio de pÃ©â€. Seg o epidemiologista, nenhuma vacina contra a #COVID19 garante q essas pessoas nÃ£o serÃ£o infectadas..."" VERGONHOSO","SÃ£o Paulo, Brasil",2021-04-01,04:04:29,SÃ£o Paulo
mano do cÃ©u morreu o JoÃ£o Acaiabe o ator q fez o Tio Chico da cozinha de Chiquititas aos 76 anos vÃ­tima da Covid-19 e tava entubado,"GuarujÃ¡, Brasil",2021-04-01,04:07:49,GuarujÃ¡
NÃ£o aguento mais ver notÃ­cia triste dessa doenÃ§a ğŸ˜¥ğŸ˜¥,"Minas Gerais, Brasil",2021-04-01,04:20:03,Minas Gerais
"estou em pedaÃ§os, apenas","SÃ£o Carlos, Brasil",2021-04-01,04:18:36,SÃ£o Carlos
"A mortalidade brasileira por SARS-CoV-2 jÃ¡ Ã© alta: 8 em cada 10 brasileiros intubados em decorrÃªncia do vÃ­rus morreram, em comparaÃ§Ã£o com uma mÃ©dia mundial de 5 em 10, diz Fernando Bozza, da #coronavirus #COVID","SÃ£o Paulo, Brasil",2021-04-01,04:21:05,SÃ£o Paulo
"ABSURDOS DA #PANDEMIA DO #CORONAVÃRUS NO BRASIL - E o golpe em nossos idosos com a #VacinaDeVento continua. VÃ­deo gravado em #Jacarei, #SaoPaulo. Enquanto estes agentes de saÃºde nÃ£o forem presos de forma inafianÃ§Ã¡vel, estes absurdos vÃ£o continuar. #COVID19 #VacinaParaTodos","Salto, Brasil",2021-04-01,04:24:53,Salto
Eu acho que to com covid-19 fudeu,"SÃ£o Paulo, Brasil",2021-04-01,04:22:46,SÃ£o Paulo
"n vejo a hora do coronavirus ser sÃ³ mais um assunto em biologia e histÃ³ria, n aguento mais essa situaÃ§Ã£o!","SÃ£o Paulo, Brasil",2021-04-01,04:20:46,SÃ£o Paulo
"JoÃ£o Acaiabe, ator bastante conhecido por seu papel em SÃ­tio do Picapau Amarelo e Segundo Sol, nÃ£o resistiu ao COVID-19 e faleceu aos 76 anos. Que descanse em paz e que tambÃ©m sorria bastante lÃ¡ no cÃ©u ğŸ™ğŸ’›","Nordeste, Brazil",2021-04-01,04:19:34,Nordeste
ah nÃ£o acreditoğŸ˜”ğŸ˜”ğŸ˜”ğŸ˜”ğŸ˜”ğŸ˜”ğŸ˜”,"Rio de Janeiro, Brasil",2021-04-01,04:25:09,Rio de Janeiro
Meu Deus nÃ£o acredito,"Minas Gerais, Brasil",2021-04-01,04:16:51,Minas Gerais
Feriado para o vÃ­rus tbm. SÃ³ pode ser brincadeira,"Canoas, Brasil",2021-04-01,04:19:15,Canoas
OÂ MinistÃ©rio da SaÃºdeÂ atualizou as informaÃ§Ãµes oficiais sobre a pandemia no #Peru.Â O relatÃ³rio observa queÂ os casos COVID-19Â Â aumentaram paraÂ 1.548.807,"EspÃ­rito Santo, Brasil",2021-04-01,04:21:37,EspÃ­rito Santo
mano meu crushğŸ˜­ğŸ˜­,"GuarujÃ¡, Brasil",2021-04-01,04:25:31,GuarujÃ¡
vou me matar srio,"SÃ£o Carlos, Brasil",2021-04-01,04:20:37,SÃ£o Carlos
"se isso for verdade, eu tÃ´ com depressÃ£o","GuarujÃ¡, Brasil",2021-04-01,04:24:54,GuarujÃ¡
E lÃ¡ se vai uma parte da minha infÃ¢ncia... Descanse em Paz ğŸ˜ªğŸ™ŒğŸ¼,"Pernambuco, Brasil",2021-04-01,04:25:03,Pernambuco
"â€œA falta de medica/os, materiais e leitos de UTI estÃ¡ transformando a situaÃ§Ã£o no caosâ€, diz Renata P Bueno, mÃ©dica que atende trÃªs hospitais em SÃ£o Paulo. A carÃªncia e a falta de pessoal treinado estÃ£o causando mortes desnecessÃ¡rias, diz ela. #COVID19","SÃ£o Paulo, Brasil",2021-04-01,04:18:10,SÃ£o Paulo
"CoraÃ§Ã£o, cÃ©rebro, rim, pulmÃ£o: vocÃª sabia que a covid-19 atinge vÃ¡rios Ã³rgÃ£os? #coronavirus #covid19 #pandemia #sarscov2 #cienciabrasileira #divulgaÃ§Ã£ocientÃ­fica #redecovid19faperj #faperj #covid19faperj #pesquisa","Rio de Janeiro, Brasil",2021-04-01,04:20:49,Rio de Janeiro
o Tio BarnabÃ© (JoÃ£o Acaiabe) acabou de falecer vÃ­tima do Covid-19 ğŸ˜­,"Bahia, Brasil",2021-04-01,04:21:52,Bahia
crlh Chico morreu,"GoiÃ¢nia, Brasil",2021-04-01,04:23:37,GoiÃ¢nia
"eu tÃ´ mal kkjk,acabou c minha noite nu","Belo Horizonte, Brasil",2021-04-01,04:32:33,Belo Horizonte
"Tio BarbabÃ©, do sÃ­tio do pica pau amarelo, faleceu em decorrÃªncia do COVID-19 F ğŸ¥º","Alagoas, Brasil",2021-04-01,04:29:35,Alagoas
"Ator do SÃ­tio do Pica-Pau Amarelo e Chiquititas, JoÃ£o Acaiabe morre devido complicaÃ§Ãµes da covid-19 | via","Rio de Janeiro, Brasil",2021-04-01,04:33:15,Rio de Janeiro
"As infecÃ§Ãµes parecem estar se estabilizando em um nÃ­vel alto devido ao aumento das intervenÃ§Ãµes dos estados q estÃ£o impondo suas prÃ³prias medidas, diz , da ""... As prÃ³ximas duas a 3 semanas serÃ£o crÃ­ticas"" #COVID19","SÃ£o Paulo, Brasil",2021-04-01,04:30:09,SÃ£o Paulo
Tenente-coronel da PM morre em decorrÃªncia da Covid-19 noÂ Into,"Acre, Brasil",2021-04-01,04:27:47,Acre
"Ai nÃ£o gente, o Tio BarnabÃ© do SÃ­tio do Picapau Amarelo faleceu de covid-19 JoÃ£o Acaiabe foi um grande artista. Descanse em paz lenda, junto com a nossa Dona Benta ğŸ–¤","Bahia, Brasil",2021-04-01,04:31:48,Bahia
E ainda fez o sÃ­tio do Pica Pau Amarelo,"SÃ£o Paulo, Brasil",2021-04-01,04:28:53,SÃ£o Paulo
"Mano,nÃ£o to podendo!ğŸ˜¥ O Chico,vÃ©i mdssss","Lages, Brasil",2021-04-01,04:30:40,Lages
VacinaÃ§Ã£o contra Covid-19 nos quilombolas de ConceiÃ§Ã£o do ImbÃ© nesta quinta -,"Campos dos Goytacazes, Brasil",2021-04-01,04:40:07,Campos dos Goytacazes
DoenÃ§a desgraÃ§ada,"Rio de Janeiro, Brasil",2021-04-01,04:41:45,Rio de Janeiro
Certamente com ğŸ’µğŸ’µ pÃºblico...,"Rio de Janeiro, Brasil",2021-04-01,04:45:07,Rio de Janeiro
vai vendo aÃ­... sÃ£o muitos casos...,"S.Caetano do Sul, SP, Brazil",2021-04-01,04:40:46,S.Caetano do Sul
Maro fecha como ms com mais casos de COVID-19 em BH â€“Â Gerais,"Curitiba, Brasil",2021-04-01,04:36:41,Curitiba
"bando de filha da puta lÃ¡ da china, eu odeio vcs seus escroto","ValparaÃ­so de GoiÃ¡s, Brasil",2021-04-01,04:36:04,ValparaÃ­so de GoiÃ¡s
"ğŸ˜¢ eterno tio barnabÃ©, sÃ³ quem Ã© relÃ­quia sabe","SÃ£o Paulo, Brasil",2021-04-01,04:39:38,SÃ£o Paulo
"MEU DEUS, O CHICO","SÃ£o JoÃ£o de Meriti, Brasil",2021-04-01,04:41:43,SÃ£o JoÃ£o de Meriti
Brasil registra 3.869 novas mortes por Covid-19 nas Ãºltimas 24 horas,"MaranhÃ£o, Brasil",2021-04-01,04:36:24,MaranhÃ£o
"NÃ£o criei roteiro nenhum, cara.","Rio Grande, Brasil",2021-04-01,04:44:07,Rio Grande
"Brasil registra quase 4 mil mortes por Covid no dia e fecha pior mÃªs da pandemia com 66,8 mil Ã³bitos | CoronavÃ­rus | G1","SÃ£o Paulo, Brasil",2021-04-01,04:42:46,SÃ£o Paulo
Que tristeza meu Deus,"Pernambuco, Brasil",2021-04-01,04:39:34,Pernambuco
"O vÃ­rus da covid-19 e muito grave a nova variante pior, e anda tem gente que prefere usar ""vendas do que mÃ¡scara"" lamentÃ¡vel!","PetrÃ³polis, Brasil",2021-04-01,04:35:11,PetrÃ³polis
"NÃºmero de vacinados contra a covid-19 chega a 17,6 milhÃµes, 8,32% daÂ populaÃ§Ã£o","Sorocaba, Brasil",2021-04-01,04:34:29,Sorocaba
nÃ£o tÃ´ bem nÃ£o,"FlorianÃ³polis, Brasil",2021-04-01,04:43:06,FlorianÃ³polis
NÃƒO NÃƒO NÃƒO NÃƒO EU TÃ” MT TRISTE,"Acre, Brasil",2021-04-01,04:35:14,Acre
ah nÃ£o mano ğŸ˜”ğŸ˜”ğŸ˜”,"Rio de Janeiro, Brasil",2021-04-01,04:49:10,Rio de Janeiro
"sinto uma angÃºstia tÃ£o grande quando penso nele, nessa situaÃ§Ã£o, a cada vez que oro. meu Deus, tem misericÃ³rdia dessa famÃ­lia, dessa mÃ£e. ğŸ˜­ğŸ’”","Recife, Brasil",2021-04-01,04:54:19,Recife
Acho que a Covid-19 pegou o ganhador da mega.,"Fortaleza, Brasil",2021-04-01,04:53:26,Fortaleza
TÃ´ triste agora,"CarandaÃ­, Brasil",2021-04-01,04:54:27,CarandaÃ­
Ainda esse papo? SÃ©rio mesmo? Vamos chegar em 2050 repetindo isso?,"Salvador, Brasil",2021-04-01,04:50:48,Salvador
"Brasil registra quase 4 mil mortes por Covid no dia e fecha pior mÃªs da pandemia com 66,8 mil Ã³bitos | CoronavÃ­rus | G1","Rio de Janeiro, Brasil",2021-04-01,04:49:37,Rio de Janeiro
Gente o Chico de Chiquititas acabou de morrer de covid-19 #JoaoAcaiabe,"Porto Alegre, Brasil",2021-04-01,04:46:00,Porto Alegre
CaraÃ­ TO tristona,"Rio Verde, Brasil",2021-04-01,04:50:14,Rio Verde
A covid-19 estÃ¡ matando tanta gente aqui no Brasil que Ã© assustador ğŸ˜Ÿ,"Rio de Janeiro, Brasil",2021-04-01,04:52:02,Rio de Janeiro
Vai com Deus anjinho :(,"Rio de Janeiro, Brasil",2021-04-01,04:45:38,Rio de Janeiro
"A intenÃ§Ã£o da PGR Ã© q igrejas e templos possam ser liberados a funcionar c/ a #COVID19 EXPLODINDO NO PAÃS. Argumenta q a abertura ""garante a saÃºde mental e espiritual da populaÃ§Ã£o em um dos piores momentos da pandemia no Brasil"" Conta outra PGR !!!","SÃ£o Paulo, Brasil",2021-04-01,04:53:31,SÃ£o Paulo
curiosidade: esse ano vai ter olimpÃ­adas e estÃ¡ ocorrendo revezamento da tocha ğŸ’€,"Fortaleza, Brasil",2021-04-01,04:48:12,Fortaleza
isso aqui acabo cmg,"CuiabÃ¡, Brasil",2021-04-01,04:56:46,CuiabÃ¡
"Descanse em paz, JoÃ£o Acaiabe. Eterno Tio BarnabÃ© Marcou minha infÃ¢ncia todinha, queria que fosse sÃ³ uma pegadinha de primeiro de abril. Mais uma vida levada pela COVID-19 ğŸ˜­","MaceiÃ³, Brasil",2021-04-01,04:55:04,MaceiÃ³
O CHICO NÃƒO GENTE ğŸ˜­ğŸ˜­ğŸ˜­ğŸ˜­ğŸ˜­ğŸ˜­,"Salvador, Brasil",2021-04-01,05:01:55,Salvador
NÃ£o vai ter GP do Brasil esse ano. Anota aÃ­...,"Porto Alegre, Brasil",2021-04-01,05:03:36,Porto Alegre
Alagoas confirma mais 624 novos casos e 21 mortes por Covid-19 no estado,"Alagoas, Brasil",2021-04-01,05:00:00,Alagoas
GENTE EU COU CHORA,"Salvador, Brasil",2021-04-01,05:01:41,Salvador
Eu nÃ£o acreditoğŸ˜­ğŸ˜­ğŸ˜­,"SÃ£o Paulo, Brasil",2021-04-01,05:00:52,SÃ£o Paulo
"Ironia que quando Gerson morreu, noticiaram que quem tinha falecido era o JoÃ£o e ele teve que avisar que tava vivÃ£o. Covid-19 maldita do caralho.","Aparecida de GoiÃ¢nia, Brasil",2021-04-01,05:01:45,Aparecida de GoiÃ¢nia
O Chef Chico cara... Meus pÃªsames a famÃ­lia nesse momento tÃ£o difÃ­cil,"XexÃ©u, Brasil",2021-04-01,04:58:53,XexÃ©u
ABSURDOS DA #PANDEMIA DO #CORONAVÃRUS NO BRASIL - #MaranhÃ£o - VocÃª estÃ¡ trabalhando pra quÃª? VocÃª nÃ£o aprendeu que trabalhar na pandemia Ã© coisa de #vagabundo? Considere-se preso! #COVID19 #AcabouPorra #NaoAcabouNao #FlavioDino,"Salto, Brasil",2021-04-01,04:56:02,Salto
"nÃ£o , nem fudendo NEM FUDENDO","Volta Redonda, Brasil",2021-04-01,04:57:55,Volta Redonda
Esse late late mas aplicar vacina que Ã© bom,"Rio Branco, Brasil",2021-04-01,05:02:16,Rio Branco
Que parte do Ivermectina e Cloroquina n n tÃªm eficiÃªncia comprovada cientificamente no combate ao Covid19 esse povo ainda n entendeu? Cansa!,"BalneÃ¡rio CamboriÃº, Brasil",2021-04-01,04:56:43,BalneÃ¡rio CamboriÃº
UTILIDADE PÃšBLICA.. Qual sua opiniÃ£o? SIGA: #minaseolugar #MinasGerais #mg #saude #hondaroxa #covid19 #coronavirus #pandemia #brasil #lockdown #fiqueemcasa #nortedeminas #wmcmidia #umminuto,"Montes Claros, Brasil",2021-04-01,04:58:11,Montes Claros
Covid Brasil: paÃ­s encerra pior mÃªs da pandemia com recorde de mortes,"Pernambuco, Brasil",2021-04-01,05:14:44,Pernambuco
"Que tristeza! Vamos bater muito em breve a triste marca de mais de 4 mil mortos nas Ãºltimas 24 hrs. E nada acontece. Bolsonaro segue atacando as medidas restritivas, o Congresso segue nÃ£o se mexendo... InacreditÃ¡vel!","Minas Gerais, Brasil",2021-04-01,05:05:39,Minas Gerais
meu Deus do cÃ©u ğŸ˜­ğŸ˜­ğŸ˜­ğŸ˜­ eu tÃ´ sÃ³ o choro :( que vÃ­rus maldido,"Rio de Janeiro, Brasil",2021-04-01,05:08:50,Rio de Janeiro
#Brasil encerra pior mÃªs da pandemia com novo recorde: 3.950 mortes em 24 h,"GoiÃ¢nia, GoiÃ¡s, Brasil",2021-04-01,05:07:21,GoiÃ¢nia GoiÃ¡s
"Notem que o SIVEP ainda nÃ£o chegou nos 300 mil Ã³bitos por Covid-19 no paÃ­s. No entanto, quando corrigimos o atraso, a estimativa atÃ© dia 3/4/21 sobe para 347.357 [330.110; 380.519] E para essa semana estimamos: 28.802 [14.989; 56.363] O que dÃ¡ mais de 4 mil Ã³bitos por dia.","Rio de Janeiro, Brasil",2021-04-01,05:12:00,Rio de Janeiro
Agora fiquei mal real,"Sao Paulo, Brazil",2021-04-01,05:07:27,Sao Paulo
"MENTIRA QUE O CHICO DE CHIQUITITAS MORREU, NAOOOOOOOOOOOOOOOO ğŸ˜­ğŸ˜­ğŸ˜­","Natal, Brasil",2021-04-01,05:10:13,Natal
NÃ£o acredito mano ğŸ˜,"Serra, Brasil",2021-04-01,05:05:07,Serra
Meu deus...ğŸ˜­ğŸ’”,"BagÃ©, Brasil",2021-04-01,05:11:13,BagÃ©
"ParalisaÃ§Ã£o por COVID-19 *DIA 381* Hoje nÃ£o tenho nada pra falar porque nÃ£o fiz nada, to me fingindo de vampira e sumindo durante o dia CoronavÃ­rus por favor nos deixe em paz","Campo Belo, Brazil",2021-04-01,05:13:18,Campo Belo
Eterno tio BarnabÃ© :( vÃ¡ em paz.,"BrasÃ­lia, Brazil",2021-04-01,05:15:00,BrasÃ­lia
meu deus nao acredito,"Barbacena, Brasil",2021-04-01,05:13:19,Barbacena
meu deus mano eu amava esse homem,"SÃ£o Paulo, Brasil",2021-04-01,05:10:05,SÃ£o Paulo
eu to mt tristeğŸ˜”o cara fez minha infÃ¢ncia no sesc muito antes de ter chiquititas,"Osasco, Brasil",2021-04-01,05:05:11,Osasco
Puta que pariu,"Lauro de Freitas, Brasil",2021-04-01,05:10:54,Lauro de Freitas
que tristeza ğŸ’”,"IgaratÃ¡, Brasil",2021-04-01,05:05:54,IgaratÃ¡
"Grande JoÃ£o! Cara, assistia ele, ava suas cenas, seu jeito! Vai fazer muita falta! ğŸ’”","BrasÃ­lia, Brasil",2021-04-01,05:13:02,BrasÃ­lia
NEM FODENDO MALUCO Ã‰ PRIMEIRO DE ABRIL SO PODE,"UbÃ¡, Brasil",2021-04-01,05:04:55,UbÃ¡
caralho mas eu to muito triste,"Eldorado do Sul, Brasil",2021-04-01,05:26:59,Eldorado do Sul
tadinho do tio BarnabÃ© :(,"Dourados, Brasil",2021-04-01,05:16:16,Dourados
"PÃ´, perdemos um dos maiores incentivadores da leitura. NÃ£o lembro bem, mas tinha um programa na TV Cultura em que ele contava histÃ³rias e dava dicas de livros. Foi um dos personagens que me incentivou a ler.","BrasÃ­lia, Brasil",2021-04-01,05:24:13,BrasÃ­lia
"Pensei em SC msm. O foda Ã© que comeÃ§am a isolar as UTIs convencionais para tratar Covid-19 e o pÃºblico geral fica sem leito. Culpa desse bando de corno. Tenho Ã³dio especial por moleque que pega a doenÃ§a, passa pros pais ou avÃ³s e toma a vaga dos velhos nos hospitais.","GoiÃ¡s, Brasil",2021-04-01,05:17:28,GoiÃ¡s
"Descanse em paz, JoÃ£o Acaiabe. Eterno Chefe Chico de Chiquititas. Marcou minha infÃ¢ncia todinha, Mais uma vida levada pela COVID-19","Rio de Janeiro, Brasil",2021-04-01,05:25:14,Rio de Janeiro
ok isso me deixou triste,"Porto Alegre, Brasil",2021-04-01,05:25:24,Porto Alegre
"""NÃƒO pode ter PÃ¡scoa, NÃƒO pode ter festas, NÃƒO pode ter aglomeraÃ§Ãµes, NÃƒO pode ter cerimÃ´nias de famÃ­lia, NÃƒO pode ter festa de Aniv, NÃƒO PODE TER NADA. NÃ³s vamos ter outras PÃ¡scoas nas nossas vidas p/ celebrar"" diz Margareth Dalcolmo #COVID19 #coronavirus","SÃ£o Paulo, Brasil",2021-04-01,05:21:49,SÃ£o Paulo
"Descanse em Paz JoÃ£o Acaiabe, que notÃ­cia triste, mais um que o Covid-19 levou ğŸ˜­ğŸ™ Eterno Chico de Chiquititas e Tio BarnabÃ© do SÃ­tio do Pica-Pau Amarelo ğŸ˜­","Lorena, Brasil",2021-04-01,05:19:54,Lorena
"BalanÃ§o COVID-19 (31/03/2021) Novos casos: 90,638 Total de casos: 12,748,747 Novos Ã³bitos: 3.869 *recorde* Total de Ã³bitos: 321.810 Ã‰ morte demais, sÃ£o pessoas demais doentes. #VacinaParaTodosJa #ForaBolsonaro #ForaBolåonaroGenocida","Formosa, Brasil",2021-04-01,05:16:36,Formosa
SerÃ¡ que agora o bozo compra pra vacinar esse gado todo?,"Rio de Janeiro, Brasil",2021-04-01,05:21:24,Rio de Janeiro
q descanse em paz,"Minas Gerais, Brasil",2021-04-01,05:20:12,Minas Gerais
Tio Barnabe. Um marco na minha infÃ¢ncia ğŸ’”ğŸ˜¥,"SÃ£o Paulo, Brasil",2021-04-01,05:22:34,SÃ£o Paulo
"achei que isso fosse sÃ³ meme, a galera tÃ¡ achando que tomar vacina do covid-19 impede de contrair e transmitir o vÃ­rus","Minas Gerais, Brasil",2021-04-01,05:18:11,Minas Gerais
"tio BarnabÃ©, com seu cachimbo ele Ã©","Osasco, Brasil",2021-04-01,05:23:58,Osasco
Idoso de 110 anos recebe a 1Âª dose da vacina e relembra que venceu a Covid-19 -,"Campos dos Goytacazes, Brasil",2021-04-01,05:20:07,Campos dos Goytacazes
Que tristeza Morre de Covid19 o ator #JoÃ£oAcaiabe Meus sentimentos a famÃ­lia #ChicoDeChiquititas,"RibeirÃ£o Preto, Brasil",2021-04-01,05:20:45,RibeirÃ£o Preto
eterno chef chico!! meu deus eu adorava essa chiquititas. descanse em paz ğŸ˜­ğŸ™,"Rio de Janeiro, Brazil",2021-04-01,05:19:30,Rio de Janeiro
PORRA O JOÃƒO QUE FAZIA O CHEFE CHICO EM CHIQUITITAS MORREU DE COVID-19 FIQUEM EM CASA SEUS CORNOS #coronavirus,"Passo Fundo, Brasil",2021-04-01,05:38:38,Passo Fundo
coronavirus eu so quero marcar o date em paz serÃ¡ que vocÃª poderia peloamordedeus dar licenÃ§a se retirar sumir morrer,"Fortaleza, Brasil",2021-04-01,05:29:42,Fortaleza
Agora Ã© sÃ³ trazer infectados de outros estados...HipÃ³crita!!! VÃª se lembra de prestar contas ao STF.,"Guarapari, Brasil",2021-04-01,05:38:50,Guarapari
SP encerra marÃ§o com recorde de Ã³bitos e casos por Covid-19 - Leia mais no site,"AraÃ§atuba, Brasil",2021-04-01,05:35:07,AraÃ§atuba
TÃ´ chorando dms,"UberlÃ¢ndia, Brasil",2021-04-01,05:34:36,UberlÃ¢ndia
"To vendo os assuntos comentados e me deparo com isso, como assim gnt?? Que ele descanse em paz, toda vez que eu assistir Chiquititas vai ser com lÃ¡grimas nos olhos. ğŸ¥ºğŸ˜”","Salvador, Brasil",2021-04-01,05:35:40,Salvador
E socialista sabe trabalhar e fazer conta??? Socialidta sabe fumar maconha e odiar os donos de grandes fortunas. . #viva1964 #Brasil #COVID19 #coronavirus,"Rio de Janeiro, Brasil",2021-04-01,05:42:28,Rio de Janeiro
Alaska Airlines Junta-Se A Oneworld Oficialmente Depois De 89 Anos De ExistÃªncia,"Rio de Janeiro, Brasil",2021-04-01,05:38:54,Rio de Janeiro
Apenas 10 paÃ­ses possuem mais mortes por covid-19 que o estado de SÃ£o Paulo | Brasil | iG,"Recife, Brasil",2021-04-01,05:36:49,Recife
Mano to triste vei VAI EMBORA CORONA DESGRAÃ‡ADO,"TrÃªs Lagoas, Brasil",2021-04-01,05:33:40,TrÃªs Lagoas
"â€œÃ‰ preciso tomar muito cuidado com os indicadores de saÃºde, mas tb fazer uma campanha de conscientizaÃ§Ã£o muito forte p/ q as pessoas continuem a aderir a todas as maneiras de controle q sabemos q sÃ£o efetivas"", diz o epidem. Mauro Sanchez #COVID19 #COVID","SÃ£o Paulo, Brasil",2021-04-01,05:34:21,SÃ£o Paulo
"Enquanto 3.000 pessoas sÃ£o enterradas em sacos pretos, polÃ­ticos se atacam mutuamente desesperados para emplacar nas prÃ³ximas eleiÃ§Ãµes, jornalistas divulgam fofocas sem checar a informaÃ§Ã£o e artistas ensinam futilidades via Lives. Mas no mundo real...ğŸš”ğŸ’¸ğŸ¤¯ #coronavirus #Covid19","SÃ£o Paulo, Brasil",2021-04-01,05:36:55,SÃ£o Paulo
Muito triste ğŸ˜”ğŸ˜”,"Rio de Janeiro, Brasil",2021-04-01,05:33:52,Rio de Janeiro
Com 3.869 mortes em 24hrs algo pra nÃ³s dar esperanÃ§a ğŸ™,"Ubatuba, Brasil",2021-04-01,05:55:17,Ubatuba
"""As pessoas estÃ£o desdenhando de uma situaÃ§Ã£o extremamente grave, nÃ£o sÃ³ para a nossa regiÃ£o, mas para o paÃ­s e para o mundoâ€, desabafa #COVID19 #coronavirus","SÃ£o Paulo, Brasil",2021-04-01,05:47:05,SÃ£o Paulo
"100% gatilhada pela covid-19 nessa madrugada o que a gente tÃ¡ vivendo Ã© extremamente triste e preocupante, eu to morrendo de medo","SÃ£o Paulo, Brasil",2021-04-01,05:59:47,SÃ£o Paulo
"eu te odeio corona vÃ­rus, eu te odeio com todas as minhas forÃ§as.","SÃ£o Paulo, Brasil",2021-04-01,06:03:15,SÃ£o Paulo
"""Os Ã³bitos estÃ£o aÃ­, as UTIs lotadas, e as pessoas negam essa realidade em troca de uma cerveja, um bate-papo, sabendo q ela nÃ£o vai poder ter + esse bate-papo se ela for parar numa UTI"" diz o infectologista Saulo Passos #COVID19 #coronavirus","SÃ£o Paulo, Brasil",2021-04-01,05:47:04,SÃ£o Paulo
"Acre fecha marÃ§o com recorde de mortes por Covid-19 desde o inÃ­cio da pandemia: â€˜alarmanteâ€™, dizÂ mÃ©dico","Acre, Brasil",2021-04-01,06:04:49,Acre
Gente alguÃ©m me fala que isso Ã© mentira pelo amor de deus,"Conselheiro Lafaiete, Brasil",2021-04-01,05:44:13,Conselheiro Lafaiete
"INNBC TOKEN CRIADO PELO CIENTISTA PESQUISADOR E DESENVOLVEDOR JONATHAN FIOR,PARA CURA DO CÃ‚NCER E HIV E DA COVID-19 NO MUNDO PROJETO TOKENIZADO INOVADOR PARA O MUNDO LISTADA NA EXCHANGE E","Santos, Brasil",2021-04-01,05:52:15,Santos
"Campo Grande chega, de acordo com dados apresentados por , a 102% de ocupaÃ§Ã£o de leitos. â€œO Estado todo estÃ¡ colapsado. Vamos abrir mais leitos? Existe um limite, mais do q criar leitos, Ã© preciso diminuir a contaminaÃ§Ã£oâ€ #coronavirus #COVID19","SÃ£o Paulo, Brasil",2021-04-01,05:54:00,SÃ£o Paulo
"ğŸŒ FranÃ§a terÃ¡ lockdown em todo o paÃ­s a partir de sÃ¡bado, anuncia Macron: De acordo com o presidente, o paÃ­s perderÃ¡ o controle se medidas restritivas de enfrentamento Ã  Covid-19 nÃ£o forem adotadas com agilidade","Araraquara, Brasil",2021-04-01,06:00:33,Araraquara
Alaska Airlines Junta-Se A Oneworld Oficialmente Depois De 89 Anos De ExistÃªncia,"Rio de Janeiro, Brasil",2021-04-01,05:44:26,Rio de Janeiro
"Sobre as entregas da Pfizer, atrasadas:","Rio de Janeiro, Brasil",2021-04-01,05:57:57,Rio de Janeiro
Gente nÃ£o dÃ¡ pra anunciar quantas vidas foram salvas? Ajuda a diminuir um pouco o medo dos ansiosos... 3:01 da manhÃ£ e eu tÃ´ em prantos.,"SÃ£o Paulo, Brasil",2021-04-01,06:02:00,SÃ£o Paulo
VisÃ£o do Brasil lÃ¡ fora. #Bolsonaro300Mil,"Guarulhos eSÃ£o Paulo,SP,Brasil",2021-04-01,05:53:57,Guarulhos eSÃ£o Paulo
Flybondi Inicia OperaÃ§Ãµes No Aeroparque Para Todos Os Destinos Nacionais,"Rio de Janeiro, Brasil",2021-04-01,05:53:53,Rio de Janeiro
#AgÃªnciaGBC Rio Grande do Sul chega perto da marca de 20 mil mortos pelo coronavÃ­rus,"Canoas, Brasil",2021-04-01,06:00:00,Canoas
O tio Chico da 2 versÃ£o de chiquititas nos deixou tbm. Puta notÃ­cia triste! Os dois se foram em pouco tempo... deixaram vÃ¡rios coraÃ§Ãµes marcados com seus trabalhos â™¥ï¸ğŸ˜“,"Rio de Janeiro, Brasil",2021-04-01,05:56:47,Rio de Janeiro
"Se a pessoa nÃ£o foi capaz de sofrer por 10, 1000, 2000 ou 3869 mortes por #COVID19, ela nÃ£o terÃ¡! Nem mesmo quando seu pai ou mÃ£e morrer. Receio que esses, infelizmente sejam os - de 30% que ainda apoiam o genocida. SÃ£o minoria. #ForaBolsonaro #ImpeachmentBolsonaroUrgente","SÃ£o Carlos, Brasil",2021-04-01,06:20:17,SÃ£o Carlos
"A pref de SP definiu q as aulas presenciais serÃ£o retomadas a partir de 12 de abril, se a fase emergencial se encerrar no dia 11, como estÃ¡ previsto #coronavirus #COVID","SÃ£o Paulo, Brasil",2021-04-01,06:32:32,SÃ£o Paulo
Ã‰ viramos piada internacional. NÃ£o que seja eu contra as oraÃ§Ãµes e atitudes de fÃ©.,"Recife, Brasil",2021-04-01,06:19:44,Recife
"A PF tem que investigar as mortes por Covid19, exumar corpos, colocar governadores e prefeitos na cadeia!!!","SÃ£o Paulo, Brasil",2021-04-01,06:08:48,SÃ£o Paulo
Eterno tio BarnabÃ©. Descanse em paz,"Rio de Janeiro, Brasil",2021-04-01,06:10:55,Rio de Janeiro
"Na prÃ¡tica, portanto, em SP a maior parte das escolas particulares deve permanecer fechada na prÃ³xima semana, e as municipais nÃ£o serÃ£o abertas porque a prefeitura estÃ¡ operando com vale-alimentaÃ§Ã£o para os alunos #coronavirus #COVID","SÃ£o Paulo, Brasil",2021-04-01,06:32:33,SÃ£o Paulo
Grande ator. Mais um que se vai do mundo da arte!! Descanse em paz! SerÃ¡ eterno companheiro,"Rio de Janeiro, Brasil",2021-04-01,06:21:30,Rio de Janeiro
Pesquisa coordenada pela USP aponta q o Ã­ndice de infecÃ§Ãµes pelo #coronavirus em atletas de torneios da Fed Paulista de Futebol na temporada passada Ã© semelhante ao de profissionais de saÃºde q atuam na linha de frente de combate Ã  pandemia,"SÃ£o Paulo, Brasil",2021-04-01,06:11:09,SÃ£o Paulo
"A parada Ã© tÃ£o calamitosa, que no mÃªs de abril se continuar nesse patamar de mortes por covid19, sendo muito simples o cÃ¡lculo de + ou - 100 mil mortes atÃ© o dia 30. Ã‰ inacreditÃ¡vel o que esse governo do Bolsonaro e de seus amiguinhos (deputados/senadores/governadores/prefeitos)","NiterÃ³i,Brasil",2021-04-01,06:07:28,NiterÃ³i
"â€œNÃ£o podemos nem pensar nisso agora, estamos no auge da crise. A gente tem q ter umas 4 semanas de estabilidade p/ pensar em reabertura, eu acho. NÃ£o dÃ¡ para fazer isso agoraâ€, disse o infectologista UnaÃ­ TupinambÃ¡s #COVID19 #coronavirus #COVID","SÃ£o Paulo, Brasil",2021-04-01,06:06:58,SÃ£o Paulo
"LISTEM O TOKEN INNBC,TOKEN CRIADO PARA SALVAR A HUMANIDADE DO CÃ‚NCER HIV E COVID-19","Santos, Brasil",2021-04-01,06:08:00,Santos
mds eu to tÃ£o triste ğŸ˜­,"SÃ£o Paulo, Brasil",2021-04-01,06:23:57,SÃ£o Paulo
"Brasil pode ter no fim de maio mesmo nÃºmero de mortes por covid-19 registrado em 2020, aponta estudo. #pandemia #fiqueemcasa #vemvacina","SÃ£o Paulo, Brasil",2021-04-01,06:45:03,SÃ£o Paulo
ğŸŒ Mais um recorde: Chegamos a 3.950 novos Ã³bitos por Covid-19 nas Ãºltimas 24h: Foram registradas 90.638 novas contaminaÃ§Ãµes nas Ãºltimas 24h,"Araraquara, Brasil",2021-04-01,07:00:33,Araraquara
Covaxin: Anvisa rejeita pedido do MinistÃ©rio da SaÃºde para importar vacina contra Covid-19,"SÃ£o Paulo, Brasil",2021-04-01,07:00:16,SÃ£o Paulo
Mds n aguento mais meu Deus isso,"SÃ£o LuÃ­s, Brasil",2021-04-01,06:56:56,SÃ£o LuÃ­s
Foi ai embora minha infÃ¢ncia,"TimÃ³teo, Brasil",2021-04-01,06:35:54,TimÃ³teo
"Um erro humano em uma fÃ¡brica de Baltimore, nos Estados Unidos, teria causado a perda de 15 milhÃµes de doses da vacina da Johnson &amp; Johnson contra a covid-19. A informaÃ§Ã£o Ã© do NEW YORK TIMES #COVID19 #coronavirus","SÃ£o Paulo, Brasil",2021-04-01,06:40:16,SÃ£o Paulo
"Hoje tÃ¡ fogo...deu saudades de muita coisa...deu saudades da mÃ£e e do pai, da vo e do vo...e do Pedro...ele Ã© o meu neto...ğŸ˜­ğŸ˜­ğŸ˜­ #galega #COVID19 #confinamento #quarentena #DistanciamientoSocial #BolsonaroTeOdeio","FlorianÃ³polis, Brasil",2021-04-01,06:58:41,FlorianÃ³polis
MaldiÃ§Ã£o coronavirus maldiÃ§Ã£o consiguir nadaaa,"Franca, Brasil",2021-04-01,06:47:32,Franca
"Seg o NYT, a fÃ¡brica administrada pela Emergent BioSolutions produzia duas vacinas contra o #coronavirus e, acidental/e, misturou ingredientes delas hÃ¡ algumas semanas. Isso teria, alÃ©m de arruinado a produÃ§Ã£o, atrasado a autorizaÃ§Ã£o das linhas de produÃ§Ã£o","SÃ£o Paulo, Brasil",2021-04-01,06:40:17,SÃ£o Paulo
chorei e nÃ£o foi pouco ğŸ¥ºâ˜¹ï¸,"TaubatÃ©, Brasil",2021-04-01,06:50:40,TaubatÃ©
OpiniÃ£o â€“ Vinicius Torres Freire: Entenda o motivo do atraso ainda maior da vacinaÃ§Ã£o contra a Covid-19 #Brasil,"Barra dos Coqueiros, Brasil",2021-04-01,07:03:18,Barra dos Coqueiros
LanÃ§amentos do Apple TV+ em abril tem documentÃ¡rio sobre pandemia de COVID-19,"Rio de Janeiro, Brazil",2021-04-01,07:05:47,Rio de Janeiro
"Bolsonaro zombou da pandemia #COVID19, mesmo qdo ela levou o sistema de saÃºde do Brasil ao colapso. Ele ridicularizou os legisladores da oposiÃ§Ã£o, q buscam seu impeachment. Seu principal rival Ã© volta Ã  arena polÃ­tica , ameaÃ§ando uma tentativa de reeleiÃ§Ã£o","SÃ£o Paulo, Brasil",2021-04-01,07:01:24,SÃ£o Paulo
RÃºssia registra primeira vacina do mundo contra covid-19 para animais,"Santos, Brasil",2021-04-01,07:05:37,Santos
Professora e filha morrem com intervalo de 12 horas por complicaÃ§Ãµes da covid-19,"Santos, Brasil",2021-04-01,07:05:35,Santos
VacinaÃ§Ã£o contra Covid-19 para jovens adultos na Guiana Francesa atrai brasileiros #Brasil,"Barra dos Coqueiros, Brasil",2021-04-01,07:03:20,Barra dos Coqueiros
"Covid-19 mata pai e filho com um dia de diferenÃ§a no interior de MG. Liane e Matheus Ferraz, da cidade de JoaÃ­ma, tinham histÃ³rico de problemas de saÃºde e foram internados no inÃ­cio do mÃªs.","Fortaleza, Brasil",2021-04-01,07:10:30,Fortaleza
"covid eu te odeio muito, muito mesmo. vai se fuder doenÃ§a maldita","SÃ£o Paulo, Brasil",2021-04-01,07:14:03,SÃ£o Paulo
Foram realizados 5.700 testes rÃ¡pidos e sorolÃ³gicos nas zonas urbanas e rurais de 15 municÃ­pios sergipanos,"Sergipe, Brasil",2021-04-01,07:20:01,Sergipe
"Fora do grupo de risco, 899 bebÃªs morreram pela Covid-19 no Brasil em 2020","Santos, Brasil",2021-04-01,07:05:36,Santos
"Excelente, Ministro! Essa basta uma dose. A populaÃ§Ã£o precisa ser vacinada para que o covid19 seja contido.","Belo Horizonte, Brasil",2021-04-01,07:43:29,Belo Horizonte
"Marco de 2021, o mÃªs do horror. E o que faz o genocida? Quer comemorar outro horror, que foi a Ditadura militar, pÃ¡gina sangrenta da histÃ³ria do Brasil. Tchau, marÃ§o! ğŸ‘‰ğŸ½MarÃ§o se encerra como pior mÃªs da pandemia com recorde de mortes","Bahia, Brasil",2021-04-01,07:41:14,Bahia
"Assista a ""Por que a covid-19 piora no Chile, apesar da vacinaÃ§Ã£o em massa"" no YouTube","TubarÃ£o, Brasil",2021-04-01,07:34:44,TubarÃ£o
RÃºssia sai na frente e registra 1Âª vacina contra Covid-19 paraÂ animais,"JoÃ£o Pessoa, Brasil",2021-04-01,07:37:09,JoÃ£o Pessoa
"#Vidente Abril serÃ¡ um mÃªs com mais morte por covid-19 chagara a 4,2 mil mortes por dia","Serra, Brasil",2021-04-01,07:44:19,Serra
Mortes em 24h no Brasil batendo quase 4000... NÃ£o hÃ¡ sanidade mental que aguente muito ğŸ˜,"Rio de Janeiro, Brasil",2021-04-01,07:49:55,Rio de Janeiro
"Bolsonaro afirmou (em 22/03/20) que a previsÃ£o do governo era de que o nÃºmero de mortes pela Covid-19Â no Brasil nÃ£o superaria o nÃºmero de 800. Ontem, tivemos 800 mortes registradas em menos de 5 HORAS. No total, jÃ¡ sÃ£o mais de 320.000 vidas perdidas. #BolsonaroDay #DiaDoMinto","SÃ£o Paulo, Brasil",2021-04-01,07:39:21,SÃ£o Paulo
"3 lockdown.... Eu acho engraÃ§ado que aqui no Brasil existe uma fascinaÃ§Ã£o com tudo que Ã© importado, pq a galera nÃ£o se fascina com lockdown tbm?","NiterÃ³i, Brasil",2021-04-01,07:52:36,NiterÃ³i
"O Instituto Butantan em SÃ£o Paulo estÃ¡ trabalhando energicamente, com 300 funcionÃ¡rios divididos em 4 turnos, para acelerar o processo da primeira vacina contra Covid-19 produzida no Brasil. Mas nÃ£o Ã© sÃ³ o instituto que estÃ¡ atrÃ¡s de uma vacina nacional.","Barretos, SÃ£o Paulo, Brasil",2021-04-01,08:03:00,Barretos SÃ£o Paulo
"Chico de Chiquititas, JoÃ£o Acaiabe morre aos 76 anos em decorrÃªncia da Covid-19 &gt;","SÃ£o Paulo, Brasil",2021-04-01,07:48:03,SÃ£o Paulo
Status Update 250 reais de auxÃ­lio (caso vocÃª receba) 2021: PÃ£o e Coronavirus pra todo mundo,"SÃ£o Paulo, Brasil",2021-04-01,07:56:01,SÃ£o Paulo
"Segundo a CNN, empresa que emprega esse IDIOTA, 1 a cada 5 brasileiros internados por COVID19, chegam ao Ã³bito! AÃ­, vem um cretino desse, negacionista safado, querendo aparecer e fazer sala pra esse bando de gado FDP!","Recife, Brasil",2021-04-01,07:47:51,Recife
"meu vizinho faleceu por decorrÃªncia do covid19... ah, que tristeza, meu Deus! ğŸ˜­","Ibituruna, Brasil",2021-04-01,08:01:18,Ibituruna
Aqui na minha cidade os jornais e a prefeitura diz ter 115 Ã³bitos decorrentes de covid19. Agora como saber se Ã© verdade? NÃ£o conheÃ§o e ninguÃ©m que conheÃ§o tem algum conhecido que foi a Ã³bito por covid19. Deveria existir uma agÃªncia de checagem para contabilizar as vÃ­timas.,"PoÃ§os de Caldas, Brasil",2021-04-01,08:26:31,PoÃ§os de Caldas
"ğŸ‡§ğŸ‡·ğŸ’‰ O MinistÃ©rio da SaÃºde jÃ¡ fez a distribuiÃ§Ã£o de quase 35 milhÃµes de doses de imunizantes contra a Covid-19 aos estados brasileiros. Mais de 18 milhÃµes de vacinas foram aplicadas, 14 milhÃµes referentes Ã  1Âª dose e 4 milhÃµes Ã  2Âª. Fonte: MinistÃ©rio da SaÃºde","SÃ£o Paulo, Brasil",2021-04-01,08:30:47,SÃ£o Paulo
Roberto Cabrini mostra impacto da crise da covid-19 nas comunidades pobres do Brasil (Domingo Espetacular 28/03/2021),"Barretos, SÃ£o Paulo, Brasil",2021-04-01,08:17:54,Barretos SÃ£o Paulo
"Ainn q isso essa doenÃ§a estÃ¡ acabando cmg Jesus, fez um belo papel na Chiquititas , marcou minha infÃ¢ncia! ğŸ˜¢ğŸ¤","Rio de Janeiro, Brasil",2021-04-01,08:14:29,Rio de Janeiro
Quem quiser casar em MS Ã© sÃ³ chamar essa promotora aqui de convidado.,"Fortaleza, Brasil",2021-04-01,08:36:57,Fortaleza
"o brasil batendo novo recorde com quase 4k de mortes pelo covid-19 em 1 dia, faÃ§a alguma coisa pelo amor de deussssss","Natal, Brasil",2021-04-01,08:32:46,Natal
"Estranho, nÃ£o??","Rio de Janeiro, Brasil",2021-04-01,08:19:38,Rio de Janeiro
"Mais recusado do que eu pelas mulheres, sÃ³ vacinas para covid-19 pelo","Sao Paulo, Brazil",2021-04-01,08:31:57,Sao Paulo
AL atinge a marca de 8.101 altas de pacientes com Covid-19 internados na rede pÃºblica,"Alagoas, Brasil",2021-04-01,08:11:40,Alagoas
AL contabiliza mais de 8 mil altas de pacientes com Covid-19 internados na rede pÃºblica,"Alagoas, Brasil",2021-04-01,08:03:12,Alagoas
Fez parte da minha infÃ¢ncia todinha.ğŸ¥ºğŸ¥º,"NiterÃ³i, Brasil",2021-04-01,08:35:30,NiterÃ³i
Pedidos de vagas de UTI para Covid-19 via Defensoria disparam e chegam atÃ© mesmo a delegacia,"Rio de Janeiro, Brasil",2021-04-01,08:25:26,Rio de Janeiro
O que mais precisa acontecer? Parece um pesadelo q nÃ£o acaba... Quero acordar ğŸ˜”,"EspÃ­rito Santo, Brasil",2021-04-01,08:31:21,EspÃ­rito Santo
"A alienaÃ§Ã£o e pÃ¢nico geram essas memÃ³rias distorcidas da realidade. Pessoas com o seu mesmo senso de realidade irÃ£o dizer no futuro que a Covid-19 foi um plano comunista para derrubar o alecrim dourado, vulgo bolsonaro.","Santa Cruz do Sul, Brasil",2021-04-01,08:04:50,Santa Cruz do Sul
Pai e filha morrem de Covid-19 em um intervalo de menos de 48 horas em Natal,"JoÃ£o Pessoa, Brasil",2021-04-01,08:43:41,JoÃ£o Pessoa
E n Ã© coÃ§ando os sacos que o BR vai vencer o #COVID19,"Salvador, Brasil",2021-04-01,08:59:03,Salvador
NÃ£o respire o ar alheio: como evitar o coronavÃ­rus em ambientes fechados,"Teresina, Brasil",2021-04-01,08:53:33,Teresina
"O ator JoÃ£o Acaiabe, de 76 anos, morreu na madrugada desta quinta (1), de Covid-19. A informaÃ§Ã£o foi confirmada por amigos. JoÃ£o estava no ar em Chiquititas, no SBT, como o Chef Chico. ğŸ˜ª #JoaoAcaiabe #Covid19 #Luto","SÃ£o Paulo, SP, Brasil",2021-04-01,08:42:35,SÃ£o Paulo
que pena que ninguÃ©m tÃ¡ avisando.,"Cocal do Sul, Brasil",2021-04-01,08:45:29,Cocal do Sul
Pai e filha morrem de Covid-19 em um intervalo de menos de 48 horas em Natal,"JoÃ£o Pessoa, Brasil",2021-04-01,08:44:20,JoÃ£o Pessoa
"daqui a pouco tamo chegando a 4 mil... Cara, eu tÃ´ ----","Rio de Janeiro, Brasil",2021-04-01,08:46:59,Rio de Janeiro
Cambada dÃª Otarios AcÃ©falos!!!#DitaduraNÃ£oSeComemora,"SÃ£o Paulo, Brasil",2021-04-01,08:51:18,SÃ£o Paulo
Prefeitos pedem apoio internacional para enfrentar a pandemia.,"SÃ£o Paulo, Brasil",2021-04-01,08:55:44,SÃ£o Paulo
Brasil bate recorde e registra 3.869 mortes por Covid-19 nas Ãºltimas 24h,"JoÃ£o Pessoa, Brasil",2021-04-01,08:46:41,JoÃ£o Pessoa
Bom dia Unica forma de combater o coronavirus Ã© a vacina temos que ter mais vacinas #bomdiadf,"BrasÃ­lia, Brasil",2021-04-01,09:09:04,BrasÃ­lia
ENFIARAM O GENERAL NO FIOFÃ“ DE CLOROQUINA DO GENOCIDA!!!! Bolsonaro dÃ¡ comando do ExÃ©rcito a general que freou pandemia nos quartÃ©is com distanciamento social | Atualidade | EL PAÃS Brasil,"Rio de Janeiro, Brasil",2021-04-01,09:09:37,Rio de Janeiro
Cotia voltarÃ¡ a vacinar contra coronavÃ­rus na prÃ³xima semana,"Cotia, Brasil",2021-04-01,09:02:09,Cotia
"Ano passado eu achei que o inÃ­cio do covid-19 tinha estragado meu aniversÃ¡rio, esse ano percebi que fui eu ""eee parabÃ©ns pra mim"" ğŸ¤¡","Estrela Dalva, Brasil",2021-04-01,09:07:17,Estrela Dalva
Oi JÃ¡ se vacinou? E o #gado?,"Curitiba, Brasil",2021-04-01,08:59:20,Curitiba
"Descanse em paz, JoÃ£o Acaiabe. Eterno Chefe Chico de Chiquititas. Marcou minha infÃ¢ncia todinha, queria que fosse sÃ³ uma pegadinha de primeiro de abril. Mais uma vida levada pela COVID-19 ğŸ˜­","Conselheiro Lafaiete, Brasil",2021-04-01,09:12:08,Conselheiro Lafaiete
"Hoje, 1Âº de Abril, Ã© o Dia da Mentira. Eu espero que, pelo menos esse ano, a mÃ­dia nÃ£o brinque; em memÃ³ria das vÃ­timas e, tambÃ©m, para nÃ£o perdermos o foco na luta contra o CoronavÃ­rus. #brasil #COVID19","Salvador, Bahia, Brazil",2021-04-01,09:11:34,Salvador Bahia
VOCÃŠS NÃƒO TÃƒO ENTENDENDO A GRÃVIDADE DO COVID-19 AQUI NA MINHA CIDADE A GENTE TÃ BATENDO UMA QUANTIDADE ABSURDA DE CASOS,"Medianeira, Brasil",2021-04-01,09:10:52,Medianeira
+ Esse dado saiu de um estudo de modelagem de dados do Imperial College London sobre prever diferentes cenÃ¡rios pra COVID-19 em todo mundo. Ele nÃ£o tirou nada da cabeÃ§a dele. SÃ³ repassou uma informaÃ§Ã£o +,"ES, Brasil",2021-04-01,09:08:31,
Monitor do coronavÃ­rus â€“ Lagom Data,"Porto Alegre, Brasil",2021-04-01,09:05:25,Porto Alegre
PaÃ­ses criticam falta de transparÃªncia sobre origem do coronavÃ­rus,"Cotia, Brasil",2021-04-01,09:01:31,Cotia
PAINEL CONASS | COVID-19,"BrasÃ­lia, Brasil",2021-04-01,09:07:33,BrasÃ­lia
Corona VÃ­rus Bolsonaro. Bolsonaro Corona VÃ­rus. MatÃ©ria LIXO como sempre a de vcs!,"Rio de Janeiro, Brasil",2021-04-01,09:12:26,Rio de Janeiro
"Segundo dados do MinistÃ©rio da SaÃºde, foram 66.573 mortes por Covid-19 no terceiro mÃªs deste ano","Boquim, Brasil",2021-04-01,09:15:17,Boquim
VÃ­deo: acamado aguarda vacinaÃ§Ã£o contra Covid-19 hÃ¡ um mÃªs em Campos -,"Campos dos Goytacazes, Brasil",2021-04-01,09:20:08,Campos dos Goytacazes
"SÃ£o Paulo continua batendo recorde de Ã³bitos por covid19, sem informarem o CPF. Governo Federal distribuiu 35 milhÃµes de vacinas. foram usadas apenas 17 milhÃµes. Esconderam 18 milhÃµes. Quantas vacinas estÃ£o em SÃ£o Paulo que nÃ£o foram utilizadas? Isso Ã© crime hediondo. #DoriaDay","Rio de Janeiro, Brasil",2021-04-01,09:29:32,Rio de Janeiro
"Chico de Chiquititas, JoÃ£o Acaiabe morre aos 76 anos em decorrÃªncia da Covid-19 Â· NotÃ­cias da TV","Boquim, Brasil",2021-04-01,09:15:07,Boquim
"Valdir Colzani, professor universitÃ¡rio e advogado morre vÃ­tima de Covid-19 em Brusque | NSC Total","Boquim, Brasil",2021-04-01,09:19:36,Boquim
TragÃ©dia: Estudante de 25 anos morre de Covid-19 menos de 48 horas apÃ³s perder o pai para a doenÃ§a // ACESSE,"VitÃ³ria da Conquista, Brasil",2021-04-01,09:25:03,VitÃ³ria da Conquista
Pai de Yudi Tamashiro morre apÃ³s complicaÃ§Ãµes da Covid-19 - ISTOÃ‰ Independente,"Boquim, Brasil",2021-04-01,09:13:19,Boquim
Day 374 - ğŸ˜·ğŸ¦  #Quarentena #COVID19 #CoronaVirus #EuFicoEmCasa #HomeOffice #TodosPorTodos #FicaEmCasaÂ  #UseMascaraÂ  #Brasil ( Guarulhos in SÃ£o Paulo),"SÃ£o Paulo, Brasil",2021-04-01,09:21:37,SÃ£o Paulo
Grupo de mÃ©dicos espalha outdoors por Curitiba em defesa do tratamento precoce da Covid-19,"Fortaleza, Brasil",2021-04-01,09:14:38,Fortaleza
"Descanse em paz chefe chicoo, serÃ¡ uma linda estrela ğŸ˜”ğŸ’”","Praia Grande, Brasil",2021-04-01,09:17:06,Praia Grande
"Os pÃ¡ssaros insistem em saudar o dia. E o gigante Brasil chora os quase 4000 mortos por COVID-19 em um dia. Meus sentimentos a todos aqueles que perderam um ente querido para essa terrÃ­vel doenÃ§a. Por mais vacinas, pelo isolamento social, pelo uso de mÃ¡scaras.","GoiÃ¢nia, Brasil",2021-04-01,09:21:15,GoiÃ¢nia
Suposto filho pede suspensÃ£o de inventÃ¡rio de ACM Procedimentos para comprovaÃ§Ã£o do parentesco foi adiando por causa da pandemia da Covid-19,"Salvador, Brasil",2021-04-01,09:27:55,Salvador
((PolÃ­cia Federal prende falsa enfermeira suspeita de aplicar vacinas contra a Covid-19 em empresÃ¡rios de BH)),"SÃ£o Paulo, Brasil",2021-04-01,09:30:44,SÃ£o Paulo
Sergipe registrou 23 mortes pela Covid-19 e mais 907 casos do novo coronavÃ­rus nas Ãºltimas 24h | Sergipe | G1,"Boquim, Brasil",2021-04-01,09:27:59,Boquim
"ClÃ¡udio Petraglia morre no Rio, vÃ­tima da Covid-19 | Rio de Janeiro | G1 ClÃ¡udio ajudou a fundar a TV Cultura de SÃ£o Paulo e a TV Bandeirantes do Rio","Boquim, Brasil",2021-04-01,09:16:44,Boquim
Ex-deputado estadual mineiro Ivair Nogueira morre de COVID-19 - Politica - Estado de Minas,"Boquim, Brasil",2021-04-01,09:16:35,Boquim
"Se vc votou ""17"" e nÃ£o estÃ¡ arrependido do seu voto, vc Ã© genocida igual o Bozo, Obg de nada","RibeirÃ£o Pires, Brasil",2021-04-01,09:23:02,RibeirÃ£o Pires
"Chico de Chiquititas, JoÃ£o Acaiabe morre aos 76 anos em decorrÃªncia da Covid-19","BrasÃ­lia, Brasil",2021-04-01,09:30:39,BrasÃ­lia
Me da uma inveja e certo desespero vendo a vacinaÃ§Ã£o de amigos e conhecidos que moram fora do Brasil! #querovacina #sus #COVID19 #ForaBolsonaro,"Rio de Janeiro, Brasil",2021-04-01,09:38:24,Rio de Janeiro
O Rio Grande do Norte amanheceu hoje com 300.470 pessoas vacinadas contra Covid-19 #Sus #VacinaParaTodos #vacinas,"Natal, RN, Brasil",2021-04-01,09:44:17,Natal
UÃ©. Mas jÃ¡ nÃ£o bastava os outros?,"Casimiro de Abreu, Brasil",2021-04-01,09:42:09,Casimiro de Abreu
UM BRASILEIRO MORREU A CADA 22 SEGUNDOS NO DIA DE ONTEM!,"SÃ£o Paulo, Brasil",2021-04-01,09:43:00,SÃ£o Paulo
S7 Airlines LanÃ§a PromoÃ§Ã£o De Troca De Vistos Expirados Por Milhas,"Rio de Janeiro, Brasil",2021-04-01,09:44:20,Rio de Janeiro
RÃºssia registra primeira vacina do mundo para animais contra covid-19,"CaicÃ³, SeridÃ³, RN, Brasil",2021-04-01,09:38:50,CaicÃ³ SeridÃ³
Bolsonaro Ã© o pior governo no mundo a lidar com a pandemia do #COVID19.,"Mirassol, Brasil",2021-04-01,09:46:09,Mirassol
"Quem tem q tomar decisÃ£o pra isto nÃ£o acontecer nÃ£o toma. Se o povo fizer o q estÃ¡ pensando em fazer, aparecerÃ¡ um monte d FDP municipal, estadual e FEDERAL pra baixar o porrete em nÃ³s. Corja d FDP. Quem tem poder NÃƒO FAZ. SÃ£o bons pra nos acuasar de nÃ£o sair nas ruas. ADIANTOU??","Estado de SÃ£o Paulo, Brasil",2021-04-01,09:36:38,Estado de SÃ£o Paulo
"Vacina resolve tanto que os paÃ­ses como Israel Ã© outros que estÃ£o com mais de 70% da populaÃ§Ã£o vacinada nÃ£o tiveram mais mortes por covid19. O que estÃ¡ faltando Ã© uma polÃ­tica eficiente de combate ao vÃ­rus. NÃ£o Ã© somente mandar o povo trabalhar, Ã© criar condiÃ§Ãµes para isso.","Pernambuco, Brasil",2021-04-01,09:39:52,Pernambuco
Vamos acelerar. SÃ³ hÃ¡ este caminho. Avante,"SÃ£o Paulo, Brasil",2021-04-01,09:48:24,SÃ£o Paulo
MEU DEUS ğŸ˜­ğŸ˜­ğŸ˜­ğŸ˜­,"Rio de Janeiro, Brasil",2021-04-01,09:46:45,Rio de Janeiro
Filhos de uma puta Prendem os trabalhadores em casa mas quando a festinha Ã© sua tÃ¡ de boas,"ParÃ¡, Brasil",2021-04-01,09:43:55,ParÃ¡
AtÃ© tu Brutus?,"SÃ£o LuÃ­s, Brasil",2021-04-01,09:33:23,SÃ£o LuÃ­s
"Austrian Airlines LanÃ§a ServiÃ§o TrÃªs Vezes Na Semana Para Zaporizhzhi, UcrÃ¢nia","Rio de Janeiro, Brasil",2021-04-01,09:33:28,Rio de Janeiro
Que Deus dÃª o consolo a famÃ­lia enlutada.,"Rio Grande do Norte, Brasil",2021-04-01,09:46:29,Rio Grande do Norte
"Gasolina em Fernando de Noronha estÃ¡ custando 8,27 ğŸ˜³ğŸ˜³ e na sua cidade tÃ¡ quanto ?? #COVID19 #gasolina #combustivel","Resende, Brasil",2021-04-01,09:34:27,Resende
Arapiraca confirma cinco mortes por Covid-19 em 24 horas,"Alagoas, Brasil",2021-04-01,09:59:12,Alagoas
"Aquela matÃ©ria dizendo que o Brasil seria celeiro de variantes era real oficial, caralho...","Porto Alegre, Brasil",2021-04-01,09:49:18,Porto Alegre
Enquanto milhares de pessoas morrem de #COVID19 o governo pensa em que dar o golpe? NÃ£o #DitaduraNuncaMais,"Mirassol, Brasil",2021-04-01,09:51:25,Mirassol
Meu Deus que tristeğŸ¥ºğŸ¥ºğŸ¥º,"SÃ£o Paulo, Brasil",2021-04-01,09:54:37,SÃ£o Paulo
Variante do coronavÃ­rus semelhante Ã  da Ãfrica do Sul foi detectada em Sorocaba (),"SÃ£o Paulo, Brazil",2021-04-01,10:00:01,SÃ£o Paulo
A vacina Ã© a salvaÃ§Ã£o!! Feliz 1o de abril! #AgripinoDay,"Brejinho, Brasil",2021-04-01,09:52:50,Brejinho
"Sim, tinha de ser desumano mesmo, os terroristas e assaltantes de bancos matavam as pessoas, todos eram bandidos perigossimos que faziam muito mal as pessoas, e hoje estamos quase igual a 1964, os infames socialistas criaram atÃ© o miserÃ¡vel coronavirus que matou muitas pessoas nÃ©","Manaus, Brasil",2021-04-01,09:50:36,Manaus
Washington Post diz que Cuba pode se tornar uma potÃªncia de vacinas contra o coronavÃ­rus,"Olinda, Brasil",2021-04-01,09:52:44,Olinda
Covid-19 7x1 brazzzziuuu. Passou da hora de trocar o treinador.,"Porto Alegre, Brasil",2021-04-01,09:58:03,Porto Alegre
Eu nÃ£o tÃ´ acreditando ğŸ˜”,"TaubatÃ©, Brasil",2021-04-01,09:57:34,TaubatÃ©
"'Ã‰ mais importante sua vida que o comÃ©rcio', diz prefeito que viralizou apÃ³s pai e irmÃ£o morrerem de covid-19","GoiÃ¢nia, Brasil",2021-04-01,09:50:37,GoiÃ¢nia
Pai de Yudi Tamshiro morre apÃ³s complicaÃ§Ãµes de Covid-19,"Socorro do PiauÃ­, Brasil",2021-04-01,09:51:38,Socorro do PiauÃ­
Isso aqui literalmente significa brincar com a vida das pessoas. Ã‰ preciso dar um basta imediato.,"Salvador, Brasil",2021-04-01,09:49:39,Salvador
"1. Primeiro de abril, dia da mentira! Infelizmente, vivemos em um paÃ­s governado pela mentira. JÃ¡ ouvimos que a Covid-19 era uma gripezinha, que a cloroquina seria um milagre, que o volume de incÃªndios na AmazÃ´nia Ã© normal e que o auxÃ­lio emergencial era suficiente.","Vila Velha, Brasil",2021-04-01,10:06:56,Vila Velha
"Do jeito que os corruptos gostam ! Comunismo mata , corrupÃ§Ã£o mata e o Senado Ã© responsÃ¡vel por essa tragÃ©dia no Brasil ! #covid19 #corruption #DemitaUmSenador2022","Salvador, Brasil",2021-04-01,10:14:50,Salvador
Mais uma variante? Brasil produzindo novas mutaÃ§Ãµes? NÃ£o Ã© novidade....,"Santa Catarina, Brasil",2021-04-01,10:07:07,Santa Catarina
"NÃ£o! Ã‰ 1Âº de abril, mas isso NÃƒO Ã‰ MENTIRA! ğŸ–¤ RT - O coronavÃ­rus nÃ£o escolhe suas vÃ­timas, e os nÃºmeros mostram isso de forma cada vez mais clara. Mais de 331 mil jovens entre 20 e 39 anos contraÃ­ram Covid-19 na Bahia desde o inÃ­cio da pandemia.","Bahia, Brasil",2021-04-01,10:05:49,Bahia
"A vacinaÃ§Ã£o contra a Covid-19 para os idosos da nova faixa-etÃ¡ria serÃ¡ iniciada jÃ¡ nesta quinta-feira, 1Âº de abril, quando passarÃ£o a ser imunizados os que tÃªm 69 anos.","SÃ£o LuÃ­s, Brasil",2021-04-01,10:01:25,SÃ£o LuÃ­s
"Os dois chefe Chico partiram de covid, q mundo Ã© esse?","SÃ£o Paulo, Brasil",2021-04-01,10:12:19,SÃ£o Paulo
Estamos beirando os 4k de mortes por #COVID19 ğŸ˜­ #ImpeachmentDeBolsonaroUrgente,"Salvador, Brasil",2021-04-01,10:05:09,Salvador
"Sem doses no estoque, Campo Grande suspende vacinaÃ§Ã£o contraÂ Covid-19","Campo Grande, Brasil",2021-04-01,10:01:54,Campo Grande
"Enquanto nÃ£o tiver lockdown de verdade, a seleÃ§Ã£o natural favorecerÃ¡ o coronavirus. Esta Ã© a primeira de muitas variantes que virÃ£o. , enquanto vacina todos os paulistas, tranca o povo em casa. Sem medo.","Santo AndrÃ©, Brasil",2021-04-01,10:07:27,Santo AndrÃ©
Tudo isso pra gerar pÃ¢nico e medo na populaÃ§Ã£o. A mÃ­dia sempre enganando! Mas nÃ³s temos a internet pra mostrar o que a e a nÃ£o mostra . Fato ocorrido em EspÃ­rito Santo. #STFCumpliceDeBandidos #BolsonaroTemRazao #BalancoGeral #COVID19 #ES,"Belo Horizonte, Brasil",2021-04-01,10:12:28,Belo Horizonte
prefeito perde pai e irmÃ£o por covid-19,"VitÃ³ria, ES, Brazil",2021-04-01,10:11:29,VitÃ³ria
BRF ANUNCIA NOVO PLANO DE DOAÃ‡Ã•ES DE R$ 50 MILHÃ•ES NO COMBATE Ã€ COVID-19,"Capinzal, Brasil",2021-04-01,10:03:07,Capinzal
ğŸ“° #F5 - Jornal dos Canyons ğŸ˜· ğŸ‡§ğŸ‡· #Covid19 ğŸ‘‰ğŸ» Total de Infectados: 12.748.747 ğŸ‘‰ğŸ» Novos DiagnÃ³sticos 24 hs: 90.638,"Praia Grande, Brasil",2021-04-01,10:08:56,Praia Grande
"A vacinaÃ§Ã£o contra a Covid-19 para os idosos da nova faixa-etÃ¡ria serÃ¡ iniciada jÃ¡ nesta quinta-feira, 1Âº de abril, quando passarÃ£o a ser imunizados os que tÃªm 69 anos.","MaranhÃ£o, Brasil",2021-04-01,10:01:25,MaranhÃ£o
3 x mais que a mÃ©dia de sepultamentos. E a gente assistindo a cÃ¢mara aprovar frente parlamentar sobre tratamento precoce enquanto o prefeito tira placas de poste sem usar a mascara.,"Porto Alegre, Brasil",2021-04-01,10:12:37,Porto Alegre
OraÃ§Ãµes para o amigo Danilo. ğŸ™ŒğŸ½,"Juazeiro, Brasil",2021-04-01,10:08:06,Juazeiro
#COVID19 irÃ¡ matar mais de 4.000 hoje no Brasil ?? responde aÃ­ tambÃ©m â˜ â˜ â˜ â˜  ğŸŠğŸŠğŸŠğŸŠ,"Resende, Brasil",2021-04-01,10:09:08,Resende
"Prefeitura de ItajaÃ­ distribui 2,5 milhÃµes de comprimidos de remÃ©dio sem eficÃ¡cia comprovada contra a Covid-19","Santa Catarina, Brasil",2021-04-01,10:08:03,Santa Catarina
Pelas replies eu afirmo: o Brasil precisa acabar,"Belo Horizonte, Brasil",2021-04-01,10:04:56,Belo Horizonte
TÃ¡ podre ainda e tÃªm que ferver porque estÃ¡ com coliformes fecais e o lenÃ§ol freÃ¡tico comprometido pelo COVID19.,"Rio de Janeiro, Brasil",2021-04-01,10:07:41,Rio de Janeiro
"Uma boa ""pena alternativa"" aos q, deliberadamente, desrespeitam o isolamento seria trabalhar como ""voluntÃ¡rios"" em hospitais q tratam a #COVID19","Fortaleza, Ce, Brasil",2021-04-01,10:16:58,Fortaleza Ce
"Em marÃ§o, o paÃ­s chegou a mais de 66 mil mortes por Covid-19","SÃ£o Paulo, Brasil",2021-04-01,10:15:32,SÃ£o Paulo
Muito boa leitura.,"SÃ£o Paulo, Brasil",2021-04-01,10:15:10,SÃ£o Paulo
Suor masculinos saindo dos meus olhos....,"Rio de Janeiro, Brasil",2021-04-01,10:16:09,Rio de Janeiro
Dormentes registra quarto Ã³bito pelo novo coronavÃ­rus e confirma 989Â casos,"Petrolina, Brasil",2021-04-01,10:20:56,Petrolina
"AtÃ© o Ãºltimo dia 25, eram 122 mortes registradas. NÃºmero de pessoas mais jovens com quadros graves da doenÃ§a tem aumentado. #BetimOnline","Betim, Brasil",2021-04-01,10:54:36,Betim
Bolsonaro tÃ¡ certo! Trancar pessoas nÃ£o funciona!,"MacaÃ©, Brasil",2021-04-01,10:17:54,MacaÃ©
"Um governante sem governabilidade Ã© tudo que os golpistas precisam para seguir com seus planos, sem sujarem as mÃ£os no sangue do povo que estÃ¡ sendo derramado. Este ano, haverÃ¡ muito rumor de impeachment, para forÃ§ar ""a bic"" a assinar decretos genocidas.","Minas Gerais, Brasil",2021-04-01,10:14:52,Minas Gerais
Aqui na matÃ©ria tem o exemplo perfeito do carro pra quem tem que pegar Uber: peÃ§a pro motorista jÃ¡ vir de janelas abertas.,"SÃ£o Paulo, Brasil",2021-04-01,10:17:20,SÃ£o Paulo
Qual a necessidade pra tanta mentira ?,"NiterÃ³i, Brasil",2021-04-01,10:54:53,NiterÃ³i
E a Covid-19 acaba de levar una parte da minha infÃ¢ncia.,"Joinville, Brasil",2021-04-01,10:21:19,Joinville
meu deus o tio do sÃ­tio do pica pau amarelo ğŸ˜­ğŸ˜­ğŸ˜­ğŸ˜­,"MaceiÃ³, Brasil",2021-04-01,10:23:29,MaceiÃ³
Foi impressÃ£o minha ou ontem as manifestaÃ§Ãµes prÃ³-ditadura foram esvaziadas. Parecem que perderam forÃ§a. Estariam morrendo de covid-19 os apoiadores?,"Rio de Janeiro, Brasil",2021-04-01,10:22:21,Rio de Janeiro
Outro querido colega que perdemos! ğŸ˜¢ğŸ™,"SÃ£o LuÃ­s do MaranhÃ£o, Brasil",2021-04-01,10:18:51,SÃ£o LuÃ­s do MaranhÃ£o
HÃ¡ razÃµes para desconfiar de que a OMS nÃ£o disse tudo o que sabe sobre a origem do coronavÃ­rus na China - PAULO MARQUES NOTÃCIAS,"TrÃªs de Maio, Brasil",2021-04-01,10:20:33,TrÃªs de Maio
"olha, nÃ£o tÃ´ sabendo lidar mais com essa doenÃ§a nÃ£o, senhor ğŸ˜«","Rio de Janeiro, Brasil",2021-04-01,10:57:56,Rio de Janeiro
Que descanse em paz ğŸ™ğŸ»,"SÃ£o Paulo, Brasil",2021-04-01,10:59:30,SÃ£o Paulo
"A covid-19 infelizmente existe. PorÃ©m temos que ter empatia para descobrir que temos duas mÃ£os: uma para passar Ã¡lcool em gel na outra , e as duas pra colocar a mÃ¡scara Ã© ajudar o prÃ³ximo. #bdmg","Belo Horizonte, Brasil",2021-04-01,10:55:59,Belo Horizonte
Meu coraÃ§Ã£o estÃ¡ com buraquinhos agora VÃ¡ em paz â™¥ï¸,"Rio de Janeiro, Brasil",2021-04-01,11:01:44,Rio de Janeiro
AruanÃ£ proÃ­be pesca no Rio Araguaia para evitar aÂ Covid-19,"Formosa, Brasil",2021-04-01,10:56:13,Formosa
â€œVocÃª nÃ£o estÃ¡ sozinhoâ€œ. â€œVai dar tudo certoâ€. Foram as frases estampadas em placas de Ã¢nimo e encorajamento para os que lutam contra a Covid-19 no Hospital Municipal e na UPA Zona Sul da cidade â¤ï¸,"MaringÃ¡, Brasil",2021-04-01,10:56:48,MaringÃ¡
"Lembrando que se o falecido tinha todos os sintomas da covid mas por uma falha na coleta da amostra deu negativo no PCR, vai pras estatÃ­sticas como SRAG e nÃ£o como Covid19. Assim como a maioria dos que morrem fora do hospital.","FlorianÃ³polis, Brasil",2021-04-01,11:00:09,FlorianÃ³polis
AÃ­ as 500 milhÃµes de vacina,"ItaguaÃ­, Brasil",2021-04-01,11:01:06,ItaguaÃ­
Vcs sÃ£o cÃºmplices destas mortes. Lembraremos nas eleiÃ§Ãµes.,"Curitiba, Brasil",2021-04-01,10:57:49,Curitiba
"Com Covid-19 em alta, FranÃ§a endurece confinamento","Itabuna, Bahia, Brasil",2021-04-01,10:56:21,Itabuna Bahia
"Diretor-presidente da Apami, Augusto Coelho testa positivo paraÂ Covid-19","Petrolina, Brasil",2021-04-01,11:01:08,Petrolina
"A vacinaÃ§Ã£o contra a Covid-19 para os idosos da nova faixa-etÃ¡ria serÃ¡ iniciada jÃ¡ nesta quinta-feira, 1Âº de abril, quando passarÃ£o a ser imunizados os que tÃªm 69 anos.","SÃ£o LuÃ­s, Brasil",2021-04-01,11:01:03,SÃ£o LuÃ­s
"- OposiÃ§Ã£o pede ao TCU que investigue pagamentos do Governo Federal para influencers defenderem tratamento comprovadamente ineficazes; - MinistÃ©rio da SaÃºde reduz de 47 milhÃµes para 25,5 milhÃµes de doses de vacina para abril; #COVID19","Pelotas, Brasil",2021-04-01,10:57:26,Pelotas
"poxa, o Tio Barbane ğŸ˜”","Rio de Janeiro, Brasil",2021-04-01,11:00:35,Rio de Janeiro
- Peru entra em lockdown hoje atÃ© domingo; - FranÃ§a anuncia 3Â° lockdown a partir de sÃ¡bado por 30 dias; - SÃ©rvia abre campanha de vacinaÃ§Ã£o em paÃ­ses vizinhos. #COVID19,"Pelotas, Brasil",2021-04-01,10:57:28,Pelotas
O Instituto anunciou o desenvolvimento da 1a. #vacinabrasileira contra #covid19: a #ButanVac,"SÃ£o Paulo, Brasil",2021-04-01,11:01:33,SÃ£o Paulo
#covid19 | O determinou que parte das forÃ§as de seguranÃ§a serÃ¡ vacinada antes das pessoas com comorbidades. Veja mais informaÃ§Ãµes sobre a medida:,"BrasÃ­lia - DF, Brasil",2021-04-01,11:00:02,BrasÃ­lia
Vamos dar GraÃ§as ao que estÃ¡ fazendo tudo isso acontece.,"Aracaju, Brasil",2021-04-01,10:57:56,Aracaju
"MarÃ§o foi o pior mÃªs da pandemia do novo coronavÃ­rus no Brasil. O perÃ­odo registrou 66.868 mortes devido Ã  Covid-19, segundo dados do consÃ³rcio de veÃ­culos de imprensa. #MarÃ§o #COVID19","SÃ£o Paulo, Brasil",2021-04-01,10:56:17,SÃ£o Paulo
- PGR pede suspensÃ£o de decreto que proÃ­be cultos religiosos presenciais em SP; - Defensoria apura 5 mortes por falta de oxigÃªnio em Arraial do Cabo-RJ; - TRF-1 suspende liminar e lockdown no DF Ã© cancelado; #COVID19,"Pelotas, Brasil",2021-04-01,10:57:27,Pelotas
Que tristeza meu DeusğŸ˜­ğŸ˜­ğŸ’”,"Rio de Janeiro, Brasil",2021-04-01,11:00:27,Rio de Janeiro
Prefeito JoÃ£o Campos apresenta aÃ§Ãµes do Recife contra a Covid-19 em reuniÃ£o de lÃ­deres daÂ Comunitas,"Recife, Brasil",2021-04-01,10:56:01,Recife
- MarÃ§o foi o pior mÃªs da pandemia com mais de 66 mil mortes; - Brasil tem 19 capitais com mais de 90% de ocupaÃ§Ã£o de leitos de UTI; - Mais de 700 pessoas aguardam por um leito de UTI no RJ; #COVID19,"Pelotas, Brasil",2021-04-01,10:57:26,Pelotas
Meu DEUS que pena !,"Recife, Brasil",2021-04-01,11:02:01,Recife
"Que tristeza, se foram os dois Chicos ğŸ˜”","BrasÃ­lia, Brasil",2021-04-01,11:11:09,BrasÃ­lia
Finalistas na categoria MitigaÃ§Ã£o da Covid-19 do Empreendedor Social do Ano vÃ£o Ã  votaÃ§Ã£o popular,"GoiÃ¢nia, GoiÃ¡s, Brasil",2021-04-01,11:05:02,GoiÃ¢nia GoiÃ¡s
"Mais razÃµes para usar a razÃ£o na prÃ¡tica mÃ©dica, nÃ£o o pensamento mÃ¡gico!","Rio Grande do Sul, Brasil",2021-04-01,11:09:50,Rio Grande do Sul
13 Estados e BrasÃ­lia tÃªm toque de recolher; saiba o que abre no feriadÃ£o,"Belo Horizonte, Brasil",2021-04-01,11:10:29,Belo Horizonte
eu tava falando dele esses dias ğŸ˜ªâ˜¹ï¸,"Palmas, Brasil",2021-04-01,11:04:58,Palmas
Idosos com 66 anos ou mais podem ser vacinados contra Covid-19 em Cascavel,"Cascavel, PR, Brasil",2021-04-01,11:03:13,Cascavel
"Em pior mÃªs da pandemia, Brasil registra quase 4 mil mortes porÂ COVID-19","Pelotas, Brasil",2021-04-01,11:05:34,Pelotas
"O prÃ³prio #AgripinoDay confessa que o lockdown nÃ£o funciona. O fato de SÃ£o ter batido recorde de novos casos de COVID e de mortes Ã© uma prova de que lockdown, na verdade, Ã© uma estratÃ©gia assassina. #DoriaDay","BrasÃ­lia, Brasil",2021-04-01,11:02:51,BrasÃ­lia
ainda tÃ´ sem acreditar.. minha infÃ¢ncia todinha eram os dois,"Rio de Janeiro, Brasil",2021-04-01,11:05:29,Rio de Janeiro
"Olha sÃ³ , mais uma pra sua conta de genocida. #BolsonaroDay","Santo AndrÃ©, Brasil",2021-04-01,11:07:55,Santo AndrÃ©
Segunda PÃ¡scoa da Covid-19 quebra turismo no RS,"GoiÃ¢nia, GoiÃ¡s, Brasil",2021-04-01,11:05:07,GoiÃ¢nia GoiÃ¡s
"ğŸ’‰Os idosos acima de 67 anos que ainda nÃ£o se vacinaram contra a Covid-19 terÃ£o a partir dessa quinta, 1Âº, novos pontos de vacinaÃ§Ã£o. O imunizante serÃ¡ oferecido em 2 Unidades de SaÃºde da FamÃ­lia, e drive thru no GinÃ¡sio Ayrton Sena e Praia da Graciosa.","Palmas, Brasil",2021-04-01,11:10:00,Palmas
Descanse em paz JoÃ£o Acaiabe O ator foi mais uma vÃ­tima da covid-19 e atualmente estÃ¡ no ar na reprise de Chiquititas (SBT).,"Santa Maria, Brasil",2021-04-01,11:08:50,Santa Maria
"Em meados de 2020, a Escola de SaÃºde PÃºblica de Harvard (EUA) publicou um manual para a reabertura de escolas â€•hoje uma referÃªncia para os centros educacionaisâ€• que tambÃ©m apontava esses medidores como uma peÃ§a-chave para calcular a qualidade do ar nas salas de aula.","SÃ£o Paulo, SP, Brasil",2021-04-01,11:08:34,SÃ£o Paulo
", Como estamos em relaÃ§Ã£o aos Ã³bitos por SRAG excedentes (fora do padrÃ£o histÃ³rico)? VÃ¡rios conhecidos reportam que no atestado de Ã³bito de familiares consta SRAG com Suspeita de Covid19. E conversando com funcionÃ¡rios da sec. da saÃºde, estes casos nÃ£o contam como Covid19","FlorianÃ³polis, Brasil",2021-04-01,11:03:54,FlorianÃ³polis
"Brasil registra quase 4 mil mortes por Covid no dia e fecha pior mÃªs da pandemia com 66,8 mil Ã³bitos. BOLSONARO CUMPRINDO SUA META.","Belo Horizonte, Brasil",2021-04-01,11:10:57,Belo Horizonte
"Meu coraÃ§Ã£o tÃ¡ com buraquinhos depois dessa notÃ­cia, eu gostava tanto ele. Esse vÃ­rus tÃ¡ levando pessoas maravilhosas, que Ã³dio!! ğŸ˜­ğŸ˜­","Rio de Janeiro, Brasil",2021-04-01,11:03:38,Rio de Janeiro
Hoje Ã© seu dia.... #AgripinoDay,"Rio de Janeiro, Brasil",2021-04-01,11:08:03,Rio de Janeiro
Washington Post diz que Cuba pode se tornar uma potÃªncia de vacinas contra o coronavÃ­rus,"SÃ£o JosÃ©, Brasil",2021-04-01,11:11:09,SÃ£o JosÃ©
Segunda PÃ¡scoa da Covid-19 quebra turismo no RS,"SÃ£o Paulo, Brazil",2021-04-01,11:09:02,SÃ£o Paulo
Finalistas na categoria MitigaÃ§Ã£o da Covid-19 do Empreendedor Social do Ano vÃ£o Ã  votaÃ§Ã£o popular,"SÃ£o Paulo, Brazil",2021-04-01,11:05:02,SÃ£o Paulo
"O chefe Chico naoooooooooo, caralhooooo","Salvador, Brasil",2021-04-01,11:09:45,Salvador
VÃ¡ vÃ¡ vc ainda e governado pq recebeu dinheiro do covid-19 e pode pagar as contas aÃ­ .,"Videira, Brasil",2021-04-01,11:13:01,Videira
COVID vai embora micrÃ³bio maldito ğŸ˜¥,"SÃ£o JosÃ© dos Campos, Brasil",2021-04-01,11:11:14,SÃ£o JosÃ© dos Campos
Finalistas na categoria MitigaÃ§Ã£o da Covid-19 do Empreendedor Social do Ano vÃ£o Ã  votaÃ§Ã£o popular #Brasil,"Barra dos Coqueiros, Brasil",2021-04-01,11:19:03,Barra dos Coqueiros
E nÃ£o para de piorar; evidÃªncias de que a Covid-19 pode causar reinternaÃ§Ã£o em 1/3 dos pacientes. Vai vendo!! Almost third of UK Covid hospital patients readmitted within four months,"Santos, Brasil",2021-04-01,11:18:53,Santos
#HoraTopTV &gt;:&gt; Pai de Yudi Tamashiro morre vÃ­tima da Covid-19 | #BBB21 #RedeBBB,"Salvador, Brasil",2021-04-01,11:13:13,Salvador
"Bom dia Brasil! Vamos sair dessa, vacina jÃ¡! #COVID19","Rio de Janeiro , Brasil",2021-04-01,11:14:56,Rio de Janeiro
"As micro e pequenas empresas afetadas pelo agravamento da pandemia de covid-19 podem parcelar os dÃ©bitos com o Simples Nacional atÃ© o fim de junho, com desconto na multa e nos juros.","Praia Grande, Brasil",2021-04-01,11:18:26,Praia Grande
"Tanta gente querida morrendo de covid, oh Deus! ğŸ˜­ğŸ˜­","Salvador, Brasil",2021-04-01,11:18:26,Salvador
Segunda PÃ¡scoa da Covid-19 quebra turismo no RS,"GoiÃ¢nia, GoiÃ¡s, Brasil",2021-04-01,11:17:33,GoiÃ¢nia GoiÃ¡s
MAIS VAGAS / AdequaÃ§Ãµes jÃ¡ estÃ£o sendo feitas para abrir o andar tÃ©rreo #RC24h #CaboFrio #coronavirus,"Cabo Frio, Brasil",2021-04-01,11:14:34,Cabo Frio
Cidades do noroeste paulista fecham prainhas para tentar controlar casos da Covid-19,"Votuporanga, Brasil",2021-04-01,11:16:56,Votuporanga
"O governo desdenhou o vÃ­rus agora tÃ¡ colhendo os frutos, 3 mil por dia. Melhor produÃ§Ã£o da histÃ³ria. ParabÃ©ns pra ele... Grande produtor de mortos da histÃ³ria. #pandemia #coronavirus","Porto Alegre, Brasil",2021-04-01,11:13:41,Porto Alegre
Morador de Valentim Gentil de 39 anos morre vÃ­tima da COVID-19,"Votuporanga, Brasil",2021-04-01,11:17:01,Votuporanga
coronavirus acabe pra eu usar uma roupa de pantera negra no carnaval,"ItajaÃ­, Brasil",2021-04-01,11:12:53,ItajaÃ­
"Como urubus em cima da carniÃ§a a iniciativa privada com apoio de desejam comprar a vacina COVID-19 e furarem a fila, passando por cima como trator dos cidadÃ£os brasileiros. Fura-fila privado e ainda dizem que Ã© ajuda. VERGONHOSO!","Mogi das Cruzes, Brasil",2021-04-01,11:11:33,Mogi das Cruzes
"Prefeito de Pitimbu/PB Jorge do PovÃ£o, morre vÃ­tima daÂ covid-19","JoÃ£o Pessoa, Brasil",2021-04-01,11:18:16,JoÃ£o Pessoa
"Vai lÃ¡ lavar as mÃ£os, por favor? Todos nÃ³s agradecemos! #CoronaVÃ­rusNoBrasil","MacaÃ©, RJ, Brasil",2021-04-01,11:19:26,MacaÃ©
"e como dizem, o sistema nÃ£o pode parar.","Belo Horizonte, Brasil",2021-04-01,11:17:08,Belo Horizonte
"O mais brilhante cientista no tratamento da COVID-19 Ã© desprezado no mundo cientÃ­fico ocidental mas, Ã© reconhecido no Senegal por ter salvo milhares de vida da gripe Chinesa.","Feira de Santana - BA, Brasil",2021-04-01,11:17:42,Feira de Santana
O Brasil de novo tendo repercussÃ£o internacional negativamente,"GoiÃ¡s, Brasil",2021-04-01,11:11:22,GoiÃ¡s
Ai depois vc tem q ver a reaÃ§Ã£o se debatendo com o fato da China nÃ£o registrar mais mortes 16 casos e eles isolam uma cidade,"SÃ£o Vicente, Brasil",2021-04-01,11:17:58,SÃ£o Vicente
"Um amigo perdeu o pai e a mÃ£e pela Covid-19 em um mÃªs. O que dizer a ele agora? Para ter esperanÃ§a? Para seguir adiante com fÃ©? Que vai passar? Esse sentimento de revolta estÃ¡ entornando. Perder as pessoas que vocÃª ama por consequÃªncia do autoritarismo, desgoverno, incompetÃªncia.","SÃ£o Paulo, Brasil",2021-04-01,11:14:44,SÃ£o Paulo
"Uma cidade inteira de Mariana, primeira capital de Minas, foi embora no Brasil por Covid-19 sÃ³ no mÃªs de marÃ§o.","Belo Horizonte, Brasil",2021-04-01,11:15:21,Belo Horizonte
Feira de Santana registra mais 235 casos da Covid-19 e 3Â Ã³bitos,"Feira de Santana, Brasil",2021-04-01,11:22:59,Feira de Santana
Gente Vcs acreditou Qndo Apareceu A Postagem De Chico Pois eu nÃ£o Pra Mim era 1Â° De Abril mais infelizmente NÃ£o Ih lÃ¡ sem Vai mais uma VÃ­tima De covid-19 Gente Vcs tÃ£o achando que esse vÃ­rus Ã© brincadeira Ã©.? Levem a sÃ©rio gente pfvr Esse vÃ­rus nÃ£o Ã© brincadeira Se cuidem!ğŸ–¤,"Salvador, Brasil",2021-04-01,11:25:46,Salvador
"Iniciativa privada, neste momento, que comprar a vacina COVID-19 estÃ¡ tirando das pessoas com co-morbidade, dos idosos, deficientes, etc... estÃ£o cooperando para manter a epidemia. Diz o velho ditado: farinha pouca, meu pirÃ£o primeiro.","Mogi das Cruzes, Brasil",2021-04-01,11:21:57,Mogi das Cruzes
"Para o amigo, o governador do PiauÃ­ assume que o tratamento precoce contra Covid-19 funciona, que, se utilizado, a doenÃ§a nÃ£o passa de uma gripe comum..., parabeniza-o por fazer direitinho o tratamento precoce... Mas pra populaÃ§Ã£o ele nega...","SÃ£o Paulo, Brasil",2021-04-01,11:22:36,SÃ£o Paulo
"#COVID19 O impacto do negacionismo cientÃ­fico no Brasil, sendo analisado na densidade populacional e territorial. #66mil pessoas morreram em marÃ§o, nÃºmero proporcionalmente maior que a populaÃ§Ã£o de 5.067 municÃ­pios do paÃ­s. Indica que ocorreram em capitais e cidades mÃ©dias.","Salvador, Brasil",2021-04-01,11:23:45,Salvador
1Â° de abril: o que Ã© mentira ou verdade sobre a covid-19,"BelÃ©m, Brasil",2021-04-01,11:25:29,BelÃ©m
"aÃ­ gente, que triste. eu amava o Chefe Chico e outros personagens do Gesio Amadeu","Recife, Brasil",2021-04-01,11:21:36,Recife
EntÃ£o... jÃ¡ nem podemos falar que o coronavirus Ã© tÃ£o novo assim. JÃ¡ estÃ¡ mais do que demonstrado que medidas de isolamento e cuidados com a higiene sÃ£o uma arma poderoso.,"SÃ£o JosÃ© dos Campos, Brasil",2021-04-01,11:22:56,SÃ£o JosÃ© dos Campos
"COVID-19 no Mundo... FranÃ§a / populaÃ§Ã£o 62,6 milhÃµes / 10,7 milhÃµes doses vacina / 3o Lockdown decretado no Ãºltimo sÃ¡bado â˜¹ï¸â˜¹ï¸... FranÃ§a iniciou a vacinaÃ§Ã£o em Dezembro e apresenta mesmo % do Brasil (Fonte G1)","Santo AndrÃ©, Brasil",2021-04-01,11:19:26,Santo AndrÃ©
A mentira que gostaria que fosse verdade Ã© que o Covid-19 nÃ£o existe mais. #DiaDaMentira,"Juiz de Fora, Brasil",2021-04-01,11:22:03,Juiz de Fora
"ForÃ§a,vc nÃ£o estÃ¡ sÃ³! Vou rezar por ele. TMJ!","Itupeva, Brasil",2021-04-01,11:25:12,Itupeva
Perdemos o Acaiabe...,"sÃ£o paulo,Brazil",2021-04-01,11:25:04,sÃ£o paulo
"Fizeram um monte de perguntas ao secretÃ¡rio municipal de SaÃºde da , mas nÃ£o perguntaram quando as outras faixas etÃ¡rias serÃ£o vacinadas. Esse #bdrj nÃ£o tem conserto nÃ£o depois que virou circo para dois apresentadores padrÃµes #coronavirus #RJTV","Rio de Janeiro, Brasil",2021-04-01,11:24:33,Rio de Janeiro
"O ator JoÃ£o Acaiabe, de 79 anos, morreu na madrugada desta quinta-feira (1Âº) em SÃ£o Paulo. Ele havia sido diagnosticado com Covid-19 e estava internado desde o Ãºltimo dia 15","SÃ£o Paulo, Brasil",2021-04-01,11:20:41,SÃ£o Paulo
Minha infÃ¢ncia ğŸ˜°ğŸ˜°,"Rio de Janeiro, Brasil",2021-04-01,11:22:30,Rio de Janeiro
"A COVID-19 nÃ£o deu a mÃ­nima para a curva sazonal, bastou aumentar a mobilidade em setembro que ela descolou da curva e gerou uma onda monstruosa. Falei disso ainda em dezembro:","Caxias do Sul, Brasil",2021-04-01,11:24:15,Caxias do Sul
"Concursos suspensos em SÃ£o GonÃ§alo: Provas para os certames das Ã¡reas de EducaÃ§Ã£o e AdministraÃ§Ã£o que estavam marcadas nos dias 11 e 18 de abril, e o concurso da Guarda Municipal, previsto para 23 de maio, foram suspensos em funÃ§Ã£o da pandemia de Covid-19","SÃ£o GonÃ§alo, Brasil",2021-04-01,11:25:43,SÃ£o GonÃ§alo
"Ã‰, minha infÃ¢ncia vai se esvaindo com essas perdas","Campos dos Goytacazes, Brasil",2021-04-01,11:22:47,Campos dos Goytacazes
O Impeachment nunca Ã© soluÃ§Ã£o. Ã‰ no mÃ¡ximo uma tentativa de evitar um mal maior. A derrocada de dilma pois o paÃ­s numa eterna campanha eleitoral que agora usa a covid19 como arma. A oposiÃ§Ã£o com auxilio da extrema-imprensa em crise de abstinÃªncia de poder apostam no caos.,"Fortaleza, Brasil",2021-04-01,11:22:56,Fortaleza
Isso Ã© muito triste.....,"Rio de Janeiro, Brasil",2021-04-01,11:20:26,Rio de Janeiro
Ã“tima notÃ­cia! Uma pena que perdemos a oportunidade de adquirir 70mi de doses em agosto/2020,"Sao Paulo, Brazil",2021-04-01,11:25:31,Sao Paulo
"Sr , a Covid-19 nÃ£o deu trÃ©gua em fevereiro. FaÃ§a o simples: continue seu trabalho, que por sinal atÃ© agora tem sido louvÃ¡vel, sem dar margens para que seu nome entre na lista dos hipÃ³critas de plantÃ£o e sem deixar de cantar seu pagode favorito discretamente.","Rio de Janeiro, Brasil",2021-04-01,11:24:03,Rio de Janeiro
"Poxa, mais um grande que se vai por causa dessa maldita doenÃ§a. Fez parte da minha infÃ¢ncia!!!ğŸ˜¢ Ator JoÃ£o Acaiabe, o Tio BarnabÃ© do 'SÃ­tio do Picapau Amarelo', morre vÃ­tima da Covid-19 em SP","SÃ£o Paulo, Brasil",2021-04-01,11:22:31,SÃ£o Paulo
Vacina da Pfizer oferece alta proteÃ§Ã£o contra variante sul-africana do coronavÃ­rus,"Sao Paulo, Brazil",2021-04-01,11:20:22,Sao Paulo
"Minha avÃ³ faleceu por covid-19 na noite passada. Para ser atendido, precisei fazer agendamento.","AraÃ§atuba, Brasil",2021-04-01,11:26:31,AraÃ§atuba
"""Em entrevista ao Correio Brasiliense, no Ãºltimo domingo, 28, o general apontou a possibilidade de uma terceira onda da COVID-19 no PaÃ­s nos prÃ³ximos meses e defendeu lockdown, contrariando o que prega o presidente."" ğŸ¤¦â€â™€ï¸","SÃ£o Paulo, Brasil",2021-04-01,11:25:46,SÃ£o Paulo
SÃ£o SebastiÃ£o faz operaÃ§Ã£o de 24h de combate Ã Â Covid-19,"Pindamonhangaba, Brasil",2021-04-01,11:19:53,Pindamonhangaba
"Ai o Vagabundo do fala que nÃ£o tinha o que fazer! Claro que tem, ele que tocou o foda-se!!","SÃ£o Paulo, Brasil",2021-04-01,11:20:07,SÃ£o Paulo
"Essa doenÃ§a Ã© desgraÃ§ada de mais, pessoas inocentes morrem todos os dias... Morre hj um dos atores que marcaram a minha infÃ¢ncia.","SÃ£o Paulo, Brasil",2021-04-01,11:25:46,SÃ£o Paulo
"""Em entrevista ao Correio Brasiliense, no Ãºltimo domingo, 28, o general apontou a possibilidade de uma terceira onda da COVID-19 no PaÃ­s nos prÃ³ximos meses e defendeu lockdown, contrariando o que prega o presidente."" ğŸ¤¦â€â™€ï¸","SÃ£o Paulo, Brasil",2021-04-01,11:26:03,SÃ£o Paulo
"Pra quem nÃ£o sabe, Bolsonaro, o parÃ§a do #coronavirus, estimulou ontem o gado a se aglomerar! Novamente! Em plena pandemia!ğŸ˜¡ #ImpeachmentSalvaVidas #BolsonaroNaCadeia","SÃ£o Paulo, Brasil",2021-04-01,11:28:46,SÃ£o Paulo
AraguaÃ­na garante apresentar um dos menores Ã­ndices de letalidade para Covid-19 no Tocantins - ConexÃ£o Tocantins - Portal de NotÃ­cias,"AraguaÃ­na, Brasil",2021-04-01,11:29:45,AraguaÃ­na
Estado de SP encerra marÃ§o com recorde de Ã³bitos e casos por COVID-19. #coronavÃ­rus #covid19 #pandemia #picodecasos #saopaulo,"Guarulhos, Brasil",2021-04-01,11:29:20,Guarulhos
NAOOOOOOOOOOOOOII,"Belo Horizonte, Brasil",2021-04-01,11:27:51,Belo Horizonte
Tristeza demais...,"BrasÃ­lia, Brasil",2021-04-01,11:30:28,BrasÃ­lia
"#BolsonaroDay #BolsonaroGenocida DesGoverno Bolsonaro pagou influenciadores para defender atendimento precoce contra Covid-19, diz agÃªncia","Rio Branco, Acre, Brazil",2021-04-01,11:27:20,Rio Branco Acre
"Fiquei muito sentida,excelente ator! Mais uma vÃ­tima do desgoverno!","Itupeva, Brasil",2021-04-01,11:30:20,Itupeva
"Um arremedo de Bolsonaro | Melo ignorou os alertas do colapso da Covid-19 que matou 1,5 mil em 3 meses - Matinal Jornalismo","Porto Alegre, RS, Brasil",2021-04-01,11:30:11,Porto Alegre
"""Em entrevista ao Correio Brasiliense, no Ãºltimo domingo, 28, o novo general das FFAA, apontou a possibilidade de uma terceira onda da COVID-19 no PaÃ­s nos prÃ³ximos meses e defendeu lockdown, contrariando o que prega o presidente."" ğŸ¤¦â€â™€ï¸","SÃ£o Paulo, Brasil",2021-04-01,11:29:17,SÃ£o Paulo
A Anvisa aprovou a venda no mercado do 1Âº medicamento utilizado para intubaÃ§Ã£o de pacientes com covid-19. Os chamados kits intubaÃ§Ã£o sÃ£o fundamentais para o atendimento de pacientes com covid-19 em estado grave.,"SÃ£o Paulo, Brasil",2021-04-01,11:27:12,SÃ£o Paulo
AM confirma 1.313 novos casos de Covid-19 e 18 Ã³bitos pela doenÃ§a nessa quarta-feira,"Manaus, Brasil",2021-04-01,11:28:43,Manaus
"ğŸš‘ğŸ˜· A Juventus informa que Merih Demiral testou positivo a Covid-19 no dia 26 de marÃ§o, enquanto estava com a seleÃ§Ã£o turca, retornou hoje a Turim em voo mÃ©dico liberado pelas autoridades sanitÃ¡rias e irÃ¡ permanecer em isolamento no JHotel","Rio de Janeiro, Brasil",2021-04-01,11:32:10,Rio de Janeiro
SÃ£o SebastiÃ£o segue com prevenÃ§Ãµes contra Covid-19 e realiza barreiraÂ sanitÃ¡ria,"Pindamonhangaba, Brasil",2021-04-01,11:28:34,Pindamonhangaba
A pandemira do Covid-19 fora de controle,"BorrazÃ³polis, Brasil",2021-04-01,11:32:03,BorrazÃ³polis
"A covid-19 infelizmente existe. PorÃ©m temos que ter empatia para descobrir que temos duas mÃ£os: uma para passar Ã¡lcool em gel na outra , e as duas pra colocar a mÃ¡scara Ã© ajudar o prÃ³ximo. Belo Horizonte/MG #falabrasil","Belo Horizonte, Brasil",2021-04-01,11:37:58,Belo Horizonte
"No 1Âº de abril, veja as mentiras sobre a Covid-19 #bnews","Salvador, Bahia, Brasil",2021-04-01,11:35:04,Salvador Bahia
"RS, SC, PR, MG, AM e RO, em trÃªs meses, tÃªm mais vidas perdidas por Covid-19 do que em 2020 inteiro. JÃ¡ passou da hora de acordar! #VacinaParaTodosJa","Rio de Janeiro, RJ, Brasil",2021-04-01,11:35:42,Rio de Janeiro
SerÃ¡ que vai ter vacina para que eles consigam comprar? Vamos ver.,"Juiz de Fora, Brasil",2021-04-01,11:34:22,Juiz de Fora
o brasil deles,"Rio de Janeiro, Brasil",2021-04-01,11:33:25,Rio de Janeiro
"Ã‰ impressÃ£o minha ou estes Lockdowns que governadores e prefeitos decretaram estÃ¡ piorando e aumentando o nÃºmero de internados, intubados e mortos...","Porto Alegre, Brasil",2021-04-01,11:32:54,Porto Alegre
"Bom dia! Novo mÃªs surgindo nas montanhas de Minas Gerais, que o mÃªs de Abril seja um mÃªs com notÃ­cias maravilhosas, que a luta contra o covid-19 continue e que tenhamos vitÃ³rias e pessoas curadas e vacinadas. Que todos tenham seu emprego normalizado! ğŸ™ğŸ¼ğŸ™ŒğŸ»ğŸŒ","BambuÃ­, Brasil",2021-04-01,11:37:46,BambuÃ­
"Vacina, vacina e vacina! Hoje segue a campanha de vacinaÃ§Ã£o contra a Covid-19 em Aparecida na populaÃ§Ã£o acima de 64 anos. Procure um dos postos de vacinaÃ§Ã£o. #VacinaAparecida","Aparecida de GoiÃ¢nia, Brasil",2021-04-01,11:37:33,Aparecida de GoiÃ¢nia
"Nossa que merda, sÃ©rio isso?","Rio Grande do Sul, Brasil",2021-04-01,11:37:00,Rio Grande do Sul
Conecte ao seu time de coraÃ§Ã£o com a Ultravelocidade da Link7 Internet e concorra a camisas oficiais! .â €â €â €â €â €â €â €â € #link7internet #coronavirus #link7 #aplicativolink7 #ultravelocidade #internetultravelocidade #internet #provedor #fibraoptica #bandalarga,"Sete Lagoas, Brasil",2021-04-01,11:38:35,Sete Lagoas
Em 05/08/20 a Covid-19 levou o GÃ©sio Amadeu. Hoje ela levou o JoÃ£o Acaiabe. O 1Âº foi o Chefe Chico da 1Âª versÃ£o de Chiquititas e Tio BarnabÃ© da 2Âª versÃ£o do SÃ­tio do Pica-pau Amarelo. O 2Âº foi o Chico da 2Âª versÃ£o de Chiquititas e o BarnabÃ© da Ãºltima temporada do 2Âº SÃ­tio.,"Manaus, Amazonas, Brasil",2021-04-01,11:37:34,Manaus Amazonas
"Entre as mentiras mais graves ditas por Jair Bolsonaro estÃ£o a ""gripezinha"" ""isolamento social nÃ£o salva vidas"" e a divulgaÃ§Ã£o de Cloroquina para tratamento de covid-19 sem comprovaÃ§Ã£o de sua eficÃ¡cia. (2/3)","Belo Horizonte, Brasil",2021-04-01,11:37:24,Belo Horizonte
"DÃ³lar a 1,99 Gasolina a 3,00 Kit Gay Ditadura comunista Livre mercado Ã© bom Ivermectina e cloroquina previne Covid-19 #BolsonaroDay , SÃ³ algumas das maiores mentiras desse crÃ¡pula","Santo AndrÃ©, Brasil",2021-04-01,11:33:21,Santo AndrÃ©
Porque a veia tÃ¡ amarrada man?,"CaarapÃ³, Brasil",2021-04-01,11:36:07,CaarapÃ³
"Recebi desde ontem mas nÃ£o POSTEI por nÃ£o saber a cidade. Vc sabe, ? #COVID19 virou mesmo UM BOM NEGÃ“CIO ğŸ’°ğŸ’°ğŸ’°ğŸ’°ğŸ˜ ğŸ˜ ğŸ˜ ğŸ˜ ","MarataÃ­zes, Brasil",2021-04-01,11:34:31,MarataÃ­zes
"O ator JoÃ£o Acaiabe morreu de Covid-19 na noite da Ãºltima quarta-feira (31), em SÃ£o Paulo. O artista Ã© conhecido por interpretar os personagens Tio BarnabÃ© do ""SÃ­tio do Picapau Amarelo"" e Chico na novela ""Chiquititas"". #JoÃ£oAcaiabe #Covid19","SÃ£o Paulo, Brasil",2021-04-01,11:35:58,SÃ£o Paulo
"cara fiquei malzona, tio barnabÃ© e chico minha infÃ¢ncia veiğŸ¥ºğŸ¥ºğŸ¥º","GoiÃ¢nia, Brasil",2021-04-01,11:38:04,GoiÃ¢nia
"Precisamos de todas... Muito provavelmente a vacinaÃ§Ã£o contra o coronavirus vai ser como a da gripe, anual","Santo AntÃ´nio de Jesus, Brasil",2021-04-01,11:36:21,Santo AntÃ´nio de Jesus
Conecte ao seu time de coraÃ§Ã£o com a Ultravelocidade da Link7 Internet e concorra a camisas oficiais! .â €â € #link7internet #coronavirus #link7 #aplicativolink7 #ultravelocidade #bandalarga #internetultravelocidade #internet #provedor #fibraoptica,"Sete Lagoas, Brasil",2021-04-01,11:36:39,Sete Lagoas
"Pfizer e BioNTech disseram que a vacina contra covid-19 que desenvolveram Ã© 91% eficaz contra a doenÃ§a, de acordo com dados atualizados de estudo clÃ­nico que incluiu voluntÃ¡rios vacinados por atÃ© seis meses, (...)","Praia Grande, Brasil",2021-04-01,11:36:50,Praia Grande
PolÃ­tica do RJ em um tweet,"Foz do IguaÃ§u, Brasil",2021-04-01,11:34:06,Foz do IguaÃ§u
que nÃ£o seja fake news de aprils fool,"RibeirÃ£o Preto, Brasil",2021-04-01,11:37:07,RibeirÃ£o Preto
gratidÃ£o coronavirusğŸ¥°ğŸ’œatÃ© algum familiar ou vc morrerğŸ¥°,"EspÃ­rito Santo, Brasil",2021-04-01,11:35:13,EspÃ­rito Santo
"Bem amigÃ£o , tomei a vacina da astraZeneca, foi pressionado por meus filhos, tive o miserÃ¡vel coronavirus Ã© uma doenÃ§a terrÃ­vel, por minha vontade nÃ£o teria tomado Ã© uma decisÃ£o bem difÃ­cil e vc quem decide OK, um forte abraÃ§o!!!","Manaus, Brasil",2021-04-01,11:35:15,Manaus
Dia da Mentira: conheÃ§a cinco dicas para identificar notÃ­cias falsas sobre covid-19,"BelÃ©m, Brasil",2021-04-01,11:39:28,BelÃ©m
""" Tio BarnabÃ©, fumando seu Cachimbo ele Ã©, o nosso preto velho"". ğŸ¶","Itabuna, Brasil",2021-04-01,11:44:11,Itabuna
"Chico de Chiquititas, JoÃ£o Acaiabe morre aos 76 anos em decorrÃªncia da Covid-19","SÃ£o Paulo, Brasil",2021-04-01,11:44:12,SÃ£o Paulo
CoronavÃ­rus hoje: Brasil registra quase 4 mil mortes em um dia e ministro da SaÃºde pede que populaÃ§Ã£o evite aglomeraÃ§Ãµes na Semana Santa,"SÃ£o Paulo, Brasil",2021-04-01,11:44:19,SÃ£o Paulo
BRASIL NÃƒO Ã‰ O TERCEIRO PAÃS QUE MAIS VACINA.#coronavirus #Covid19 #foraBolsonaro #vacina,"Belo Horizonte, Brasil",2021-04-01,11:43:46,Belo Horizonte
Tipo de notÃ­cia q me alegra,"BelÃ©m, Brasil",2021-04-01,11:44:33,BelÃ©m
"MÃ©dica cria ""ProntuÃ¡rio Afetivo"" personalizado para pacientes graves em UTI de Covid-19 e aÃ§Ã£o do bem viraliza - Vogue | atualidades â€œO bom mÃ©dico trata as doenÃ§as, mas o grande mÃ©dico trata o pacienteâ€. WO","Rio de Janeiro, Brasil",2021-04-01,11:41:24,Rio de Janeiro
bom dia pra quem ??? ğŸ¤¡ğŸ¤¡ğŸ¤¡,"NiterÃ³i, Brasil",2021-04-01,11:44:09,NiterÃ³i
"Pior do que isso, o Brasil respondeu por um terÃ§o de todas as mortes por Covid19 no mundo, mesmo tendo menos de 3% da populaÃ§Ã£o mundial.","GuaxupÃ©, Brasil",2021-04-01,11:40:15,GuaxupÃ©
jovens a partir de 16 anos ja vao poder se vacinar a partir do dia 15 desse mÃªs em WA q odio ğŸ˜­ğŸ˜­ğŸ˜­ğŸ˜­ğŸ˜­,"CearÃ¡, Brazil",2021-04-01,11:38:51,CearÃ¡
"Entre as mentiras mais graves ditas por Jair Bolsonaro estÃ£o a ""gripezinha"" ""isolamento social nÃ£o salva vidas"" e a divulgaÃ§Ã£o de Cloroquina para tratamento de covid-19 sem comprovaÃ§Ã£o de sua eficÃ¡cia. (2/3)","Belo Horizonte, Brasil",2021-04-01,11:39:25,Belo Horizonte
O chefe Chico n vai mais cozinhar ğŸ˜­,"Caldas Novas, Brasil",2021-04-01,11:40:03,Caldas Novas
"SÃ£o Paulo tem o dobro da populaÃ§Ã£o de Minas Gerais e 10x mais mortes. Rio Grande do Sul tem metade da populaÃ§Ã£o de Minas Gerais e 3X mais mortes. SÃ³ uma coincidÃªncia, claro...","Belo Horizonte, Brasil",2021-04-01,11:41:56,Belo Horizonte
MinistÃ©rio da SaÃºde prevÃª envio de doses a partir desta quinta para iniciar vacinaÃ§Ã£o contra a covid-19 em profissionais da seguranÃ§a pÃºblica,"Pernambuco, Brasil",2021-04-01,11:42:01,Pernambuco
"Com as mortes do JoÃ£o Acaiabe e do Gesio Amadeu, o covid-19 levou embora os dois ""chef chico"" de Chiquititas. ğŸ˜¢","SÃ£o Paulo, Brasil",2021-04-01,11:43:50,SÃ£o Paulo
Prefeitura do Paulista inaugura mais um ambulatÃ³rio de Covid-19 naÂ cidade,"Recife, Brasil",2021-04-01,11:39:06,Recife
Caiado anuncia a chegada de mais 266.800 mil novas doses de vacina contra Covid ao Estado,"Rio Verde, Brasil",2021-04-01,11:41:13,Rio Verde
MarÃ§o se torna o mÃªs em que mais pacientes com Covid-19 ou suspeita morreram Ã  espera de um leito de UTI no RN,"Rio Grande do Norte, Brasil",2021-04-01,11:42:26,Rio Grande do Norte
o local de vacinar contra covid-19 aqui em BH,"Belo Horizonte, Brasil",2021-04-01,11:40:51,Belo Horizonte
Vacina da Pfizer oferece alta proteÃ§Ã£o contra variante sul-africana do coronavÃ­rus,"SÃ£o Paulo, Brasil",2021-04-01,11:42:41,SÃ£o Paulo
"JoÃ£o Acaiabe, o Tio BarnabÃ© do 'SÃ­tio do Picapau Amarelo', morre vÃ­tima da Covid-19 em SP. ğŸ—ï¸ G1","Londrina, Brasil",2021-04-01,11:44:13,Londrina
ParabÃ©ns palhaÃ§o midiÃ¡tico! #AgripinoDay,"Rio de Janeiro, Brasil",2021-04-01,11:39:43,Rio de Janeiro
MinistÃ©rio da SaÃºde prevÃª envio de doses a partir desta quinta para iniciar vacinaÃ§Ã£o contra a covid-19 em profissionais da seguranÃ§a pÃºblica,"Pernambuco, Brasil",2021-04-01,11:42:45,Pernambuco
"11,5 pro influenciador (jÃ¡ rico) fazer marketing do kit fake e 300 reais para a famÃ­lia pobre sobreviver. Isso Ã© o Brasil! #Brasil #COVID19 #coronavirus","Santa Maria, Brasil",2021-04-01,11:44:17,Santa Maria
LamentÃ¡vel...,"Rio de Janeiro, Brasil",2021-04-01,11:42:45,Rio de Janeiro
"Recebi desde ontem mas nÃ£o POSTEI por nÃ£o saber a cidade. Vc sabe, ? #COVID19 virou mesmo UM BOM NEGÃ“CIO ğŸ’°ğŸ’°ğŸ’°ğŸ’°ğŸ˜ ğŸ˜ ğŸ˜ ğŸ˜ ","MarataÃ­zes, Brasil",2021-04-01,11:40:39,MarataÃ­zes
"14 paÃ­ses, entre eles EUA, Reino Unido e Israel, assinaram nota conjunta manifestando preocupaÃ§Ã£o sobre o inquÃ©rito da OMS que trata da origem do coronavirus. Eles pedem uma avaliaÃ§Ã£o transparente e independente. A imprensa daqui vendida para a China ficou quieta.","Fortaleza, Brasil",2021-04-01,11:41:14,Fortaleza
"Variante de Sorocaba, me evocou aquele personagem ilustre da mesma cidade.","EspÃ­rito Santo, Brasil",2021-04-01,11:40:48,EspÃ­rito Santo
Cabo Frio prepara o Hospital de Tamoios para receber casos de Covid-19 AdequaÃ§Ãµes jÃ¡ estÃ£o sendo feitas para abrir o andar tÃ©rreo. Leia esta e outras reportagens no,"Tamoios, Cabo Frio, Brasil",2021-04-01,11:49:16,Tamoios Cabo Frio
As mentiras de Bolsonaro se acumulam na mesma velocidade que as mortes por Covid-19 no Brasil. #DiaDaMentira,"BrasÃ­lia, Brasil",2021-04-01,11:49:22,BrasÃ­lia
"AÃ­ gente q coisa triste, ele marcou minha infÃ¢nciaaaa,q ele descanse em paz...â¤ï¸ğŸ˜”ğŸ¥º","Rio de Janeiro, Brasil",2021-04-01,11:46:10,Rio de Janeiro
Como as vacinas contra COVID-19 ficaram prontas tÃ£o rÃ¡pido?,"Santos, Brasil",2021-04-01,11:45:54,Santos
"Chico de Chiquititas, JoÃ£o Acaiabe morre aos 76 anos em decorrÃªncia da Covid-19","Porto Alegre, Brasil",2021-04-01,11:48:48,Porto Alegre
"Ator JoÃ£o Acaiabe, o Tio BarnabÃ© do 'SÃ­tio do Picapau Amarelo', morre vÃ­tima da Covid-19 em SP | SÃ£o Paulo | G1","JoÃ£o Pessoa, Brasil",2021-04-01,11:48:09,JoÃ£o Pessoa
"Morre o ator JoÃ£o Acaiabe, o Tio BarnabÃ© do SÃ­tio, vÃ­tima da covid-19","GravataÃ­, Brasil",2021-04-01,11:48:42,GravataÃ­
O jornalismo podre que divulga recorde diÃ¡rio de mortes por covid-19 Ã© o mesmo que se cala contra medidas de lockdown sem lastro cientifico. Gastam tempo informando o caos generalizado ao invÃ©s de propagar medidas sanitÃ¡rias e de seguranÃ§a a fim de mitigar o impacto do vÃ­rus.,"Rio Grande do Sul, Brasil",2021-04-01,11:45:35,Rio Grande do Sul
"Vacinas chinesas nÃ£o funcionam! EstÃ¡ comprovado aqui no Brasil, pois pessoas que tomaram essa vacina CONTRAÃRAM o Coronavirus e outras morreram.","Recife, Brasil",2021-04-01,11:47:03,Recife
"Aqui no PiauÃ­ o governador antecipou vÃ¡rios feriados, so falta antecipar o do dia 7 de Setembro e Natal. Com vÃ¡rios dias com o comÃ©rcio fechado o nÃºmero de casos de covid-19 Ã± tem despenca eu suspeito que inflaram os nÃºmeros.","ParnaÃ­ba, Brasil",2021-04-01,11:45:51,ParnaÃ­ba
NÃºmeros comprovam sucesso do Brasil na vacinaÃ§Ã£o contra a Covid-19,"Conchal, SÃ£o Paulo,Brasil",2021-04-01,11:45:38,Conchal SÃ£o Paulo
"Morre o ator JoÃ£o Acaiabe, o Tio BarnabÃ© do 'SÃ­tio do Picapau Amarelo', vÃ­tima da Covid-19 em SP","Palmas, Brasil",2021-04-01,11:47:03,Palmas
Mortes de bebÃªs por Covid-19 sobem 72% em Minas e lanÃ§am alerta aos pais A disparada de bebÃªs vÃ­timas da Covid-19 preocupa e lanÃ§a novo alerta Ã s famÃ­lias mineiras. Os Ã³bitos dos menores de 1 ano cresceram mais de 70% em m...,"Matozinhos, Brasil",2021-04-01,11:46:39,Matozinhos
"Morre JoÃ£o Acaiabe, o Tio BarnabÃ© do SÃ­tio do Pica Pau Amarelo, vÃ­tima do coronavÃ­rus","Salvador, Brasil",2021-04-01,11:46:01,Salvador
Homem de 31 anos morre vÃ­tima do novo coronavÃ­rus em THE; cidade registrou 19 Ã³bitos em 24h,"PiauÃ­, Brasil",2021-04-01,11:45:11,PiauÃ­
Saber que o Casagrande tÃ¡ com Covid-19 destruiu o meu dia...,"Porto Alegre, Brasil",2021-04-01,11:44:41,Porto Alegre